index,published,topic,term,domain,language,valid,de,title,description,en,la,url,image,archive,content,quote,added,feed,country,ipcc,continent
b7a15df6af80953b5c262347c78d6aae,2026-07-01T13:11:30Z,Thunderstorm,burza,www.dobreprogramy.pl,pl,0.9,"Wo ist der Sturm? Schnell in der App nachschauen. Die Sturmsaison ist im Gange und mit ihr steigt die Notwendigkeit, schnell zu überprüfen, in welche Richtung sich die Wolken bewegen und wo es zu Niederschlägen und Blitzen kommen kann. In Zeiten wie diesen sind Sturmradare und Karten mit Daten in der Nähe von ...",Gdzie jest burza? Sprawdź szybko w aplikacji,"Sezon burzowy trwa, a wraz z nim rośnie potrzeba szybkiego sprawdzania, w którą stronę przemieszczają się chmury i gdzie mogą pojawić się opady oraz wyładowania. W takich chwilach najlepiej sprawdzają się radary burzowe i mapy z danymi w czasie zbliżonym do r…","Where is the storm? Check quickly in the app. The storm season is underway, and with it there is an increasing need to quickly check which direction the clouds are moving and where precipitation and lightning may occur. In times like these, storm radars and maps with data in time close to ...","Ubi est tempestas? Cito reprehendo in app. Tempestas instantis tempestatis est, et cum eo crescit necessitas, ut quam partem nubes moveantur et ubi praecipitatio et fulgura fiant celeriter. His temporibus radaratores et tabulae geographicae cum notitia in tempore appropinquante...","https://www.dobreprogramy.pl/gdzie-jest-burza-sprawdz-szybko-w-aplikacji,7302803002079552a",https://v.wpimg.pl/ZDNlMTc4dSUvDjtnTE94MGxWbz0KFnZmO053dkwFY3Z-FGIyClg_NiscInoERi80Lxs9ehNYdSU-BWIiUhs-LT0cITUaGz8pLAkpe1VWOSYtVSs3TgBuJ3tBeWMCDHd8KAp-eVMNbiB9CXxjW1U4cWwR,,"Takie rozwizania pozwalaj obserwowa sytuacj pogodow zarówno na komputerze, jak i w smartfonie. Poza samym podgldem opadów czy zachmurzenia cz z nich oferuje te alerty, które mog da uytkownikowi czas … [+1692 chars]",,2026-07-03 12:25:04+00:00,random,,,
7edc1c7a286d3c3220a3c91919764ebf,2026-07-02T12:28:33Z,Volcano,wulkan,geekweek.interia.pl,pl,0.9,"Dieser außergewöhnliche Vulkan spuckt jeden Tag echtes Gold. Der Mount Erebus in der Antarktis ist der südlichste aktive Vulkan der Welt und birgt ein außergewöhnliches Geheimnis. Wissenschaftler haben herausgefunden, dass es jeden Tag etwa 80 Gramm mikroskopisch kleines, reines Gold in Form von Kristallen ausstößt. Obwohl min…",Ten niezwykły wulkan codziennie pluje prawdziwym złotem,"Mount Erebus na Antarktydzie to najbardziej wysunięty na południe aktywny wulkan na świecie, który skrywa niezwykłą tajemnicę. Naukowcy odkryli, że każdego dnia wyrzuca on z siebie około 80 gramów mikroskopijnego, czystego złota w postaci kryształów. Choć min…","This extraordinary volcano spits real gold every day. Mount Erebus in Antarctica is the southernmost active volcano in the world and hides an extraordinary secret. Scientists have discovered that every day it throws out about 80 grams of microscopic, pure gold in the form of crystals. Although min…","Hoc extraordinarium vulcano verum aurum quotidie exspuit. Mons Erebus in Antarctica est meridionalis vulcanus activus in mundo et secretum extraordinarium. Physici invenerunt cottidie eiicere circiter 80 P. microscopici, purum aurum in forma crystallorum. Etsi min…","https://geekweek.interia.pl/przyroda/news-ten-niezwykly-wulkan-codziennie-pluje-prawdziwym-zlotem,nId,23508452",https://i.iplsc.com/-/000IZMFT98B0YXT9-C461.jpg,,"Niezwyke odkrycie na kracu wiata
Wulkany na ogó wyrzucaj z siebie law czy popió. Jeden z nich jednak, ukryty gboko w najdalszych, zamarznitych zaktkach naszej planety, potrafi co znacznie wicej.
Po… [+2201 chars]",,2026-07-07 12:42:44+00:00,random,,,
d32bc3f17707b3492a0256c08683be70,2026-07-06T10:23:42Z,Volcano,wulkan,geekweek.interia.pl,pl,0.9,"Ausbruch des Vulkans Ätna. Der Flugverkehr auf Sizilien lag lahm. Der Ätna machte sich wieder bemerkbar. Der Vulkanausbruch legte den Flugverkehr auf Sizilien lahm. Die Aschewolke führte dazu, dass alle Flüge von und nach Catania gestrichen oder umgeleitet werden mussten. Der höchste…",Erupcja wulkanu Etna. Ruch lotniczy na Sycylii sparaliżowany,Etna ponownie dała o sobie znać. Erupcja wulkanu doprowadziła ruch lotniczy na Sycylii do paraliżu. Chmura popiołu spowodowała konieczność odwołania lub przekierowania wszystkich samolotów do i z lotniska z Katanii. Na zagrożonym obszarze wprowadzono najwyższ…,Eruption of the Etna volcano. Air traffic in Sicily paralyzed. Etna made itself felt again. The volcanic eruption brought air traffic in Sicily to paralysis. The ash cloud resulted in all flights to and from Catania having to be canceled or diverted. The highest…,"Eruptio Aetnae vulcano. Aeris mercatura in Sicilia paralyticus est. Aetna iterum se sensit. Volcanica eruptio mercaturam aeris in Sicilia paralysi intulit. Cinis exorta est in omnes volatus, et a Catina inrita vel avertenda. Summum…","https://geekweek.interia.pl/technologia/news-erupcja-wulkanu-etna-ruch-lotniczy-na-sycylii-sparalizowany,nId,23510170",https://i.iplsc.com/-/000JLJN5BUD966AX-C461.jpg,,"W skrócie
<ul><li>
Kolejna erupcja wulkanu Etna na Sycylii doprowadzia do paraliu ruchu lotniczego i wprowadzenia najwyszego, czerwonego alertu z powodu chmury popiou.
</li><li>
Z powodu wstrzyma… [+2466 chars]",,2026-07-07 12:42:44+00:00,random,,,
385d2574153b98df37dd0f5dc3b694dd,2026-07-01T04:00:00Z,Heat Wave,fala upałów w polsce,businessinsider.com.pl,pl,0.7,"Die polnische Photovoltaik ist auf der Bremse, bricht aber trotzdem Wärmerekorde. So sieht es im Vergleich zu Europa aus [MAP]. Die Hitzewelle, die Europa heimgesucht hat, stellte den Energiesektor vor große Herausforderungen. Der erhöhte Kühlbedarf und die damit verbundene Energie mussten durch Photovoltaikanlagen gedeckt werden. In Polen ist die Überproduktion so groß, dass täglich…","Polska fotowoltaika na hamulcu, a i tak pobiła rekordy w upałach. Tak wygląda na tle Europy [MAPA]","Fala upałów, jaka przeszła przez Europę, dla energetyki okazała się sporym wyzwaniem. Zwiększone zapotrzebowanie na chłodzenie i związaną z tym energię zaspokajać musiały panele fotowoltaiczne. W Polsce nadprodukcja jest na tyle duża, że codziennie nakładane …","Polish photovoltaics on the brake, but it still broke records in heat. This is what it looks like compared to Europe [MAP]. The heatwave that hit Europe turned out to be quite a challenge for the energy sector. The increased demand for cooling and the associated energy had to be met by photovoltaic panels. In Poland, overproduction is so large that daily…","Polonica photovoltaica in fregit, sed monumenta in calore adhuc fregit. Hoc est quod spectat ad similitudinem Europae [MAP]. The heatwave that hit Europe was out to be quite challenge for the energiae sector. Aucta postulatio refrigerationis et energiae adiunctorum in tabulis photovoltaicis occurrendum erat. In Polonia productio tam magna est quam cottidiana…",https://businessinsider.com.pl/gospodarka/upaly-ujawniaja-problemy-energetyki-polska-z-nadmiarem-pradu-z-fotowoltaiki/mrkg52s,https://ocdn.eu/pulscms-transforms/1/yzwk9kpTURBXy83NWJlNTExN2NkZDE3MTdiNjRlOGIzMzgyNzliZjVlNC5qcGeSlQMAAM0HgM0EOJMFzQSwzQJ23gABoTAB,,"W poprzednich latach równie elektrownie wodne, wany element energetyki m.in. w Hiszpanii i Szwajcarii, musiay redukowa produkcj przy zbyt niskich poziomach wody. A w Polsce? U nas z energi elektryczn… [+3924 chars]",,2026-07-08 12:02:45+00:00,wmo,Poland,WCE,Europe
8ec24f5e8c84033288f2c844e83edfde,2026-07-07T13:07:45Z,Heat Wave,fala upałów województwo mazowieckie powiat płocki,wydarzenia.interia.pl,pl,0.2,"„Tiefenkonvektion“ in Teilen des Landes. Es kommen starke Stürme. Es beginnt stärker zu donnern und zu winden. Das Wetter wird mit jeder Stunde sehr anspruchsvoll. Besonders gefährlich wird es im Bereich der Danziger Bucht und in weiten Teilen der Küste. Dort wurden nicht nur IMWM-Rotwarnungen ausgegeben, sondern auch eine RCB-Warnung. Auf f…","""Głęboka konwekcja"" w części kraju. Nadchodzą silne burze","Zaczyna grzmieć i mocniej wiać. Pogoda z każdą kolejną godziną będzie bardzo wymagająca. Szczególnie niebezpiecznie zrobi się w rejonie Zatoki Gdańskiej oraz w dużej części Wybrzeża. Tam wydano nie tylko czerwone ostrzeżenia IMGW, lecz również alert RCB. Na p…","""Deep convection"" in parts of the country. Strong storms are coming. It starts to thunder and wind harder. The weather will be very demanding with each passing hour. It will be particularly dangerous in the area of ​​the Bay of Gdańsk and in large parts of the coast. There, not only IMWM red warnings were issued, but also an RCB alert. On f…","""Alta convection"" in partibus regionis. Validae procellae veniunt. Durius esse incipit tonare et vento. Tempestas maxima hora transeunte flagitat. Valde periculosum est in finibus Sinus Gdańsk et in magnis partibus litoris. Ibi non solum monita IMWM red edita sunt, sed etiam rcB intenti. On f…","https://wydarzenia.interia.pl/kraj/news-polska-w-pogodowych-kleszczach-zaciskaja-sie-od-polnocy-i-po,nId,23510827",https://i.iplsc.com/-/000N0PPAW78IW2IH-C461.jpg,,"Po poudniu wyranie pogarsza si sytuacja pogodowa w wielu czciach kraju. Nad morzem coraz intensywniej pada deszcz, a wkrótce pojawi si wichury. W poudniowych regionach z kolei tworz si niebezpieczne … [+3049 chars]",,2026-07-09 13:27:10+00:00,wmo,Poland,WCE,Europe
cf67ed5b707807767fd05dd4b3aae326,2026-07-07T16:14:08Z,Snow&Ice,zamieć śnieżna,sport.interia.pl,pl,0.2,"Die ganze Welt wartet auf diesen WM-Hit. Das Spiel ist in Gefahr. Hier erfahren Sie, warum. Weitere beunruhigende Informationen erreichen uns aus Übersee, wo die Fußball-Weltmeisterschaft der Männer stattfindet. Nach Erkenntnissen des Fernsehsenders NBC Miami könnte das nächste Blockbuster-Spiel mit Beteiligung der Nationalmannschaft aufgrund der vorhergesagten Unwetter verschoben werden...",Cały świat czeka na ten hit mundialu. Mecz zagrożony. Oto powód,"Kolejne niepokojące informacje docierają do nas zza oceanu, gdzie rozgrywane są mistrzostwa świata w piłce nożnej mężczyzn. Według ustaleń telewizji NBC Miami, ze względu na prognozowane burze przesunięte może zostać kolejne hitowe spotkanie z udziałem reprez…","The whole world is waiting for this World Cup hit. The match is in danger. Here's why. More disturbing information reaches us from overseas, where the men's soccer world championship is being held. According to the findings of NBC Miami television, due to forecast storms, the next blockbuster match with the participation of the national team may be postponed...","Totus mundus hunc Calicem Mundi exspectat. Par in periculo est. Hic quare. Magis conturbant informationes transmarinas ad nos perveniunt, ubi homines morbi mundi patrocinium tenentur. Secundum Inventiones televisificis NBC Miami, propter tempestates praenuntiandas, proximus blockbuster par cum participatione societatis nationalis differri potest...","https://sport.interia.pl/pilka-nozna/mundial/news-pogodowy-armagedon-na-mistrzostwach-swiata-hitowe-spotkanie,nId,23510905",https://i.iplsc.com/-/000N090GY6V09D3B-C461.jpg,,"Pogoda mocno daje si we znaki organizatorom tegorocznych mistrzostw wiata w pice nonej mczyzn, a co w ostatnich dniach na wasnej skórze odczuli take m.in. reprezentanci Anglii. Zaledwie kilka dni tem… [+1771 chars]",,2026-07-09 13:27:10+00:00,random,,,
a85a27d49262eed4ae20e2b5db1428a7,2026-07-07T08:54:53Z,Thunderstorm,grad województwo pomorskie powiat lęborski,wydarzenia.interia.pl,pl,0.3,"„Das Gefolge des Präsidenten lügt.“ Die Antwort kam schnell. „Das Umfeld des Präsidenten lügt und behauptet, Präsident Nawrocki habe nichts von der in die Ukraine transferierten Ausrüstung gewusst“, schrieb Władysław Kosiniak-Kamysz in den sozialen Medien. Der stellvertretende Premierminister gab die Termine der Sitzungen des Sicherheitsausschusses des Ministerrats bekannt, in denen…","""Otoczenie prezydenta kłamie"". Szybko nadeszła odpowiedź","""Otoczenie prezydenta kłamie twierdząc, że prezydent Nawrocki nie wiedział o sprzęcie przekazywanym Ukrainie"" - napisał w mediach społecznościowych Władysław Kosiniak-Kamysz. Wicepremier wskazał daty spotkań Komitetu Bezpieczeństwa Rady Ministrów, w których b…","""The president's entourage is lying."" The answer came quickly. ""The president's entourage is lying, claiming that President Nawrocki did not know about the equipment transferred to Ukraine,"" wrote Władysław Kosiniak-Kamysz on social media. The Deputy Prime Minister indicated the dates of the meetings of the Security Committee of the Council of Ministers, in which…","""Praeses hospitatus est mentiri."" Respondit celeriter. ""Praesidis comitatus mentitur, dicens praesidem Nawrocki se ignorare de instrumento in Ucrainam translato"", scripsit Władysław Kosiniak-Kamysz de instrumentis socialibus. Prorex Primus Minister indicat tempus conventuum Committee Securitatis Consilii Ministrorum, in quibus…","https://wydarzenia.interia.pl/kraj/news-otoczenie-prezydenta-klamie-szybko-nadeszla-odpowiedz,nId,23510626",https://i.iplsc.com/-/000N0N0OM1AD13BC-C461.jpg,,"W skrócie
<ul><li>
Wadysaw Kosiniak-Kamysz zarzuci otoczeniu prezydenta podawanie nieprawdziwych informacji na temat wiedzy prezydenta Nawrockiego w sprawie przekazywania sprztu Ukrainie.
</li><li… [+3478 chars]",,2026-07-09 13:27:10+00:00,wmo,Poland,WCE,Europe
f035b69bcf075368bcd4c649a1efe320,2026-07-06T13:59:05Z,Thunderstorm,burza,przegladsportowy.onet.pl,pl,0.7,"Belgien hat der FIFA die Stirn geboten. Ein Sturm vor dem Hit der USA bei der WM 2026. Laut The Athletic haben die Belgier das Recht, gegen die FIFA-Entscheidung bezüglich des US-Fußballers Folarin Balogun Berufung einzulegen. Sie haben sehr spezifische Anforderungen. Hier sind die Details.",Belgia postawiła się FIFA. Burza przed hitem z USA na MŚ 2026,"Jak informuje The Athletic, Belgowie otrzymali prawo do odwołania się od decyzji FIFA w sprawie piłkarza USA — Folarina Baloguna. Mają oni bardzo konkretne żądania. Oto szczegóły.","Belgium stood up to FIFA. A storm before the USA's hit at the 2026 World Cup. According to The Athletic, the Belgians have been given the right to appeal against FIFA's decision regarding the USA footballer - Folarin Balogun. They have very specific demands. Here are the details.","Belgium usque ad FIFA stetit. Tempestas ante ictus Mundi 2026 in USA est. Secundum Athleticam, Belgae ius appellandi contra FIFA sententiam de USA footballer - Folarin Balogun data sunt. Ipsis postulatis. Hic sunt singularia.",https://przegladsportowy.onet.pl/pilka-nozna/mistrzostwa-swiata-2026/belgia-postawila-sie-fifa-burza-przed-hitem-z-usa-na-ms-2026/mx1qvtx,https://cdn.przegladsportowy.onet.pl/1/ojBk9lBaHR0cHM6Ly9vY2RuLmV1L3B1bHNjbXMvTURBXy9lYzVlMDA1NzlhODg4ZGJmZmMxNzYzNWYyMzUxNmRkYS5qcGeTlQPNAv7Mkc0MRs0G6ZMFzQlgzQTslQfZmmh0dHBzOi8vY2RuLnByemVnbGFkc3BvcnRvd3kub25ldC5wbC8xL05kN2s5bEJhSFIwY0hNNkx5OXZZMlJ1TG1WMUwzQjFiSE5qYlhNdlRVUkJYeTgwT0dNek1HRTRPVGt4TmpRMVlqUTNPRGt3WVdNNU0yVmpZak00TkRZek5DNXdibWVSbFFJQVpNUEQzZ0FDb1RBSG9URUUIwgDeAAKhMAehMQQ,,"Jak informuje The Athletic, Belgowie otrzymali prawo do odwoania si od decyzji FIFA w sprawie pikarza USA Folarina Baloguna. Maj oni bardzo konkretne dania. Oto szczegóy.",,2026-07-09 13:27:10+00:00,random,,,
50d69c40bad8b6695de9710bfc71dfc4,2026-07-06T15:22:59Z,Precipitation,burza,przegladsportowy.onet.pl,pl,0.7,"Donald Trump hat die Wahrheit enthüllt. Sturm vor dem Spiel USA-Belgien bei der Weltmeisterschaft 2026. - Es ist sehr unfair. Das kannst du nicht machen. „Also ja, ich habe eine Verifizierung durch die FIFA beantragt“, sagte Donald Trump am Montag auf einer Pressekonferenz. Der US-Präsident entfesselte einen Sturm vor dem bevorstehenden Achtelfinalspiel der Weltmeisterschaft 2026 zwischen…",Donald Trump ujawnił prawdę. Burza przed meczem USA — Belgia na MŚ 2026,"— To bardzo niesprawiedliwe. Nie można tak robić. Więc tak, poprosiłem o weryfikację przez FIFA — powiedział Donald Trump na poniedziałkowej konferencji prasowej. Prezydent USA rozpętał burzę przed nadchodzącym meczem 1/8 finału mistrzostw świata 2026 między …","Donald Trump revealed the truth. Storm before the USA-Belgium match at the 2026 World Cup. - It's very unfair. You can't do that. So yes, I have requested verification by FIFA, Donald Trump said at a press conference on Monday. The US president unleashed a storm ahead of the upcoming round of 16 match of the 2026 World Cup between…","Donald BUCINUM verum aperuit. Tempestas ante USA-Belgium congruit cum 2026 World Cup. - Valde iniquum est. Hoc facere non potes. Ita sic, verificationem per FIFA, Donald Trump petitam in colloquio diurnariis die Lunae dixit. Praeses US tempestatem invehitur ante adventum rotundum 16 compositus ex 2026 Trophaeum Mundi inter…",https://przegladsportowy.onet.pl/pilka-nozna/mistrzostwa-swiata-2026/donald-trump-ujawnil-prawde-burza-przed-meczem-usa-belgia-na-ms-2026/xmk7jem,https://cdn.przegladsportowy.onet.pl/1/o81k9lBaHR0cHM6Ly9vY2RuLmV1L3B1bHNjbXMvTURBXy84OGMwZjcwNTUxNzNmNDBmOTA5NWZmM2U4Njg0MTdlZi5wbmeTlQMAAM0HgM0EOJMFzQlgzQTslQfZmmh0dHBzOi8vY2RuLnByemVnbGFkc3BvcnRvd3kub25ldC5wbC8xL05kN2s5bEJhSFIwY0hNNkx5OXZZMlJ1TG1WMUwzQjFiSE5qYlhNdlRVUkJYeTgwT0dNek1HRTRPVGt4TmpRMVlqUTNPRGt3WVdNNU0yVmpZak00TkRZek5DNXdibWVSbFFJQVpNUEQzZ0FDb1RBSG9URUUIwgDeAAKhMAehMQQ,,"To bardzo niesprawiedliwe. Nie mona tak robi. Wic tak, poprosiem o weryfikacj przez FIFA powiedzia Donald Trump na poniedziakowej konferencji prasowej. Prezydent USA rozpta burz przed nadchodzcym mec… [+53 chars]",,2026-07-09 13:27:10+00:00,random,,,
93f4b727f7aa27582e84a28ea37b044d,2026-07-06T23:55:47Z,Thunderstorm,burza,przegladsportowy.onet.pl,pl,0.7,"Die USA gaben die Aufstellung bekannt. Belgien wird einen radikalen Schritt unternehmen. Sturm bei der WM 2026. Mauricio Pochettino nutzte die jüngste Entscheidung der FIFA und stellte die USA in die Startelf für das Achtelfinalspiel der Weltmeisterschaft in Folarin Baloguna. Und das bedeutet weitere Verwirrung, denn die Belgier haben den Amerikanern bereits mitgeteilt, dass diese Entscheidung weitere Konsequenzen haben wird ...",USA podało skład. Belgia podejmie radykalny krok. Burza na MŚ 2026,"Mauricio Pochettino skorzystał z ostatniej decyzji FIFA i postawił w pierwszej jedenastce USA na mecz 1/8 finału MŚ na Folarina Baloguna. A to oznacza dalsze zamieszanie, bo Belgowie poinformowali już Amerykanów, że ta decyzja będzie miała swoje dalsze konsek…","The USA announced the lineup. Belgium will take a radical step. Storm at the 2026 World Cup. Mauricio Pochettino took advantage of FIFA's latest decision and put the USA in the starting eleven for the 1/8-final match of the World Cup at Folarin Baloguna. And this means further confusion, because the Belgians have already informed the Americans that this decision will have further consequences...","USA lineam nuntiabat. Belgium gradum radicalem capiet. Tempestas in 2026 World Cup. Mauricio Pochettino consilium recentissimum FIFA commodum suscepit et USA in initio undecim pro 1/8-ultima compositus Mundi Mundi apud Folarin Baloguna posuit. Et hoc significat confusionem ulteriorem, quod Belgae iam certiores fecerunt Americanos hoc consilium ulterius consequentias habiturum esse.",https://przegladsportowy.onet.pl/pilka-nozna/mistrzostwa-swiata-2026/usa-podalo-sklad-belgia-podejmie-radykalny-krok-burza-na-ms-2026/2kvbl2z,https://cdn.przegladsportowy.onet.pl/1/pAhk9lBaHR0cHM6Ly9vY2RuLmV1L3B1bHNjbXMvTURBXy9jNzQ3MGQ4ODk1MDA3NzkzZDAwMGU4YWRiNjE4NTAxMS5qcGeTlQPNAY3NAVnNDi7NB_qTBc0JYM0E7JUH2ZpodHRwczovL2Nkbi5wcnplZ2xhZHNwb3J0b3d5Lm9uZXQucGwvMS9OZDdrOWxCYUhSMGNITTZMeTl2WTJSdUxtVjFMM0IxYkhOamJYTXZUVVJCWHk4ME9HTXpNR0U0T1RreE5qUTFZalEzT0Rrd1lXTTVNMlZqWWpNNE5EWXpOQzV3Ym1lUmxRSUFaTVBEM2dBQ29UQUhvVEVFCMIA3gACoTAHoTEE,,"Mauricio Pochettino skorzysta z ostatniej decyzji FIFA i postawi w pierwszej jedenastce USA na mecz 1/8 finau M na Folarina Baloguna. A to oznacza dalsze zamieszanie, bo Belgowie poinformowali ju Ame… [+81 chars]",,2026-07-09 13:27:10+00:00,random,,,
fbb7dd9e5835e17880d4edb21edce92a,2026-07-07T15:33:31Z,Thunderstorm,burza,wydarzenia.interia.pl,pl,0.7,"Sturm nach Aufdeckung des Mogilno-Skandals. Politiker geben sich selbst die Schuld. Politiker der Regierungskoalition und der Opposition machen sich gegenseitig für die Situation im Krankenhaus in Mogilno verantwortlich. Am Montag gab Wirtualna Polska bekannt, dass ein dort tätiges Unternehmen von Neurochirurgen Dienstleistungen zu einem Preis von 26.000 PLN erbrachte. PLN pro Stunde. Laut dem Chef…",Burza po ujawnieniu afery w Mogilnie. Politycy obarczają się winą,"Politycy koalicji rządzącej i opozycji wzajemnie obarczają się odpowiedzialnością za sytuację w szpitalu w Mogilnie. W poniedziałek Wirtualna Polska ujawniła, że działająca tam spółka neurochirurgów świadczyła usługi w cenie 26 tys. zł za godzinę. Według szef…","Storm after the disclosure of the Mogilno scandal. Politicians blame themselves. Politicians from the ruling coalition and the opposition blame each other for the situation in the hospital in Mogilno. On Monday, Wirtualna Polska revealed that a company of neurosurgeons operating there provided services at a price of PLN 26,000. PLN per hour. According to the boss…","Tempestas post detegendam Mogilno scandalum. Politici se reprehendunt. Politici coitionem regendam et oppositionem inter se reprehendunt pro situ in nosocomio Mogilno. Die Lunae, Wirtualna Polska manifestavit societatem neurosurgionum ibi operantium pretio PLN 26,000 operarum praestitisse. PLN per hora. Secundum bulla…","https://wydarzenia.interia.pl/kraj/news-burza-po-ujawnieniu-afery-w-mogilnie-politycy-obarczaja-sie,nId,23510884",https://i.iplsc.com/-/000N0RJ1086446MK-C461.jpg,,"W skrócie
<ul><li>
Politycy rzdzcej koalicji i opozycji wzajemnie przypisuj sobie odpowiedzialno za sytuacj w szpitalu w Mogilnie po ujawnieniu warunków kosztownej umowy ze spók neurochirurgów.
</… [+4638 chars]",,2026-07-09 13:27:10+00:00,random,,,
1f23a5d27799b19b4f72d4f6497d23f9,2026-07-07T06:09:14Z,Thunderstorm,burza,wydarzenia.interia.pl,pl,0.9,"„Er hat die Grenze überschritten“, „Es ist noch nicht vorbei“. Sturm in Italien nach Trumps Tweet. „Donald Trump hat nicht nur die Grenzen des guten diplomatischen Tons, sondern auch des menschlichen Respekts überschritten“, lesen wir in „Il Messaggero“. Nach dem jüngsten Angriff des US-Präsidenten auf Giorgia Meloni brach in den italienischen Medien ein regelrechter Sturm aus. Analysejournalisten…","""Przekroczył granicę"", ""to nie koniec"". Burza we Włoszech po wpisie Trumpa","""Donald Trump przekroczył granice nie tylko dobrego tonu dyplomatycznego, ale także ludzkiego szacunku"" - czytamy na łamach ""Il Messaggero"". We włoskich mediach wybuchła prawdziwa burza po niedawnym ataku prezydenta USA na Giorgię Meloni. Dziennikarze analizu…","""He crossed the line"", ""it's not over"". Storm in Italy after Trump's tweet. ""Donald Trump has exceeded the limits not only of good diplomatic tone, but also of human respect,"" we read in ""Il Messaggero"". A real storm broke out in the Italian media after the recent attack by the US president on Giorgia Meloni. Analysis journalists…","""Transgressus est lineam"", ""non super illud"". Tempestas in Italia post tweet Trump. ""Donald Trump fines non solum boni soni diplomatici, sed etiam humanitatis observantiae excessit"", in ""Il Messaggero"" legimus. Tempestas vera in instrumentis Italiae orta est post recentem impetum praesidentis US in Giorgia Meloni. Analysis diurnariorum…","https://wydarzenia.interia.pl/zagranica/news-przekroczyl-granice-to-nie-koniec-burza-we-wloszech-po-wpisi,nId,23510481",https://i.iplsc.com/-/000N0KTMIRA4PBE3-C461.jpg,,"W skrócie
<ul><li>
Giorgia Meloni nie odpowiedziaa na zdjcie i zaczepk Donalda Trumpa opublikowan w mediach spoecznociowych.
</li><li>
Woskie media analizuj przyczyny napi w relacjach Woch z USA,… [+3716 chars]",,2026-07-09 13:27:10+00:00,random,,,
417a71acc31ac3f80260a37138f65238,2026-07-07T12:16:26Z,Thunderstorm,burza,tvn24.pl,pl,0.9,"Wo ist der Sturm? Entladungen am Abend. Wo ist der Sturm? Am Dienstag, 7. Juli, kam es in Teilen Polens zu Gewittern. Begleitet wurden sie von Regenfällen und stärkeren Windböen. Verfolgen Sie die aktuelle Wetterlage auf tvnmeteo.pl.",Gdzie jest burza? Wyładowania pod wieczór,Gdzie jest burza? We wtorek 7.07 w części Polski występowały burze. Towarzyszyły im opady deszczu i silniejsze porywy wiatru. Śledź aktualną sytuację pogodową w tvnmeteo.pl.,"Where is the storm? Discharges in the evening. Where is the storm? On Tuesday, July 7, there were thunderstorms in parts of Poland. They were accompanied by rainfall and stronger wind gusts. Follow the current weather situation at tvnmeteo.pl.",Ubi est tempestas? Vesperarum obit. Ubi est tempestas? Die martis VII mensis Iulii fuerunt tonitrua in partibus Polonie. Comitati sunt pluviae et venti validiores procellis. Sequere condicionem tempestatum hodiernam in tvnmeteo.pl.,https://tvn24.pl/tvnmeteo/polska/gdzie-jest-burza-burze-we-wtorek-7-07-radar-opadow-i-burz-na-zywo-st9132336,https://tvn24.pl/_e/i/najnowsze/cdn-zdjecie-7995729-piorun-burza-ph8494605/alternates/WEBP_LANDSCAPE_1620,,"Gdzie jest burza? We wtorek 7.07 w czci Polski wystpoway burze. Towarzyszyy im opady deszczu i silniejsze porywy wiatru. led aktualn sytuacj pogodow w tvnmeteo.pl.
Okoo godziny 21 burze wygasy.
Jak… [+585 chars]",,2026-07-09 13:27:10+00:00,random,,,
c3629c88b27316ed54667475fd8db572,2026-07-08T04:00:00Z,Thunderstorm,burza,www.sport.pl,pl,0.9,"Erneuter Sturm nach FIFA-Entscheidung. Es geht um das Spiel Frankreich - Marokko. „Es weckt Zweifel.“ Die FIFA sorgte vor dem Viertelfinalspiel Frankreichs gegen Marokko für großes Aufsehen. Das Spiel wird ausschließlich von Schiedsrichtern aus dem Land des großen Rivalen der Tricolors, Argentinien, geleitet. Die Entscheidung sorgte in den sozialen Medien und in den französischen Medien für Aufruhr. „…","Kolejna burza po decyzji FIFA. Chodzi o mecz Francja - Maroko. ""Budzi wątpliwości""","FIFA wywołała wielkie zamieszanie przed ćwierćfinałowym starciem Francji z Marokiem. Spotkanie będą sędziować wyłącznie arbitrzy z państwa wielkiego rywala ""Trójkolorowych"" Argentyny. Decyzja wywołała burzę w mediach społecznościowych i francuskich mediach. ""…","Another storm after FIFA's decision. It's about the France - Morocco match. ""It raises doubts."" FIFA caused a huge stir ahead of France's quarterfinal clash with Morocco. The match will be refereed only by referees from the country of the great rival of the Tricolors, Argentina. The decision caused a storm on social media and the French media. ""…","Alia tempestas post FIFA decrevit. De Gallia est - par Mauritania. "" Dubitationes movet."" FIFA ingentem motum anterius Francogalliae cum Mauritania quadrantem concursum fecit. Certamen solum referendarum referentur e regione magnae aemulae Tricolorum, Argentinae. Tempestas decisionis in instrumentis socialibus et instrumentis Gallicis effecit. "" ...","https://www.sport.pl/mundial/7,154361,32901251,kolejna-burza-po-decyzji-fifa-chodzi-o-mecz-francja-maroko.html","https://bi.im-g.pl/im/f9/5f/1f/z32895737IER,USA-WEATHER-.jpg",,"Reprezentacja Argentyny cztery lata temu sięgnęła po mistrzostwo świata. Podopieczni trenera Scaloniego w wielkim finale pokonali reprezentację Francji 3:3 (4:2 rzuty karne), dla wielu osób był to na… [+2748 chars]",,2026-07-09 13:27:10+00:00,random,,,
8ada9c66e18cd02ea9fd174ab25d5800,2026-07-08T05:50:44Z,Precipitation,burza,wiadomosci.wp.pl,pl,0.9,"Ein heftiger Sturm über Kleinpolen. Viele Wacheingriffe. Nach dem Sturm, der am Dienstagnachmittag über Kleinpolen zog, kam es unter anderem zu Schäden an Dächern und Stromleitungen, eine Person benötigte die Hilfe eines medizinischen Rettungsteams. Nur bis 18 Uhr. Feuerwehrleute verzeichneten in der Woiwodschaft Kleinpolen 130 Einsätze.",Potężna burza nad Małopolską. Wiele interwencji straży,"Po burzy, która przeszła we wtorek po południu nad Małopolską doszło m.in. do uszkodzenia dachów i linii energetycznych, a jedna osoba wymagała pomocy zespołu ratownictwa medycznego. Tylko do godziny 18 strażacy odnotowali w woj. małopolskim 130 zgłoszeń.","A powerful storm over Małopolska. Many guard interventions. After the storm that passed over Małopolska on Tuesday afternoon, there were, among others: to damage to roofs and power lines, and one person required assistance from a medical rescue team. Only until 6 p.m. firefighters recorded in the province Lesser Poland 130 applications.","Tempestas valida super Małopolska. Multis custodibus interventus. Post tempestatem, quae Małopolska transiit die Martis post meridiem, inter cetera ad tectorum et linearum potentiae damnum aderat, et unus homo subsidia medicinae ex quadrigis subsidiis requirebat. Tantum ad VI a.m. firepugnatores conscripti in provincia Minoris Poloniae 130 applicationes.",https://wiadomosci.wp.pl/krakow/potezna-burza-nad-malopolska-wiele-interwencji-strazy-7305170867640736a,https://v.wpimg.pl/MDhhMGNmYiUJCjt0YRZvMEpSby4nT2FmHUp3ZWFcdHZYEGIhJwEoNg0YImkpHzg0CR89aT4BYiUYAWIxf0IpLRsYISY3QigpCg0paH4JL3BaCn5wYw8sdFhFeSIvW2B9Wl96andaKHRQCX0kKFQvfUoV,,"Pobieranie, zwielokrotnianie, przechowywanie lub jakiekolwiek inne wykorzystywanie treci dostpnych w niniejszym serwisie - bez wzgldu na ich charakter i sposób wyraenia (w szczególnoci lecz nie wyczn… [+868 chars]",,2026-07-09 13:27:10+00:00,random,,,
d566ad95af4750bc2b78123dddfa433f,2026-07-08T08:22:12Z,Precipitation,burza,www.gry-online.pl,pl,0.9,"74 Millionen Aufrufe in 18 Tagen und Netflix‘ größter Serienhit des Jahres. Der „spannende“ Krimi erobert zum dritten Mal in Folge die Top 10. Der Netflix-Krimi mit Sam Worthington läuft wie ein Sturm. Die Serie von Harlan Coben lässt der Konkurrenz seit drei Wochen keine Chance und bleibt weiterhin an der Spitze der globalen Top 10.
Informationen 74 Millionen Aufrufe in 18 Tagen und der größte Serienhit auf Netflix...",74 mln wyświetleń w 18 dni i największy serialowy hit Netflixa roku. „Absorbujący” thriller kryminalny 3 tydzień z rzędu podbija top 10,"Thriller kryminalny Netflixa z Samem Worthingtonem idzie jak burza. Serial Harlana Cobena od trzech tygodni nie daje szans konkurencji i nadal utrzymuje się na szczycie globalnego top 10.
Informacja 74 mln wyświetleń w 18 dni i największy serialowy hit Netfl…","74 million views in 18 days and Netflix's biggest series hit of the year. The ""absorbing"" crime thriller conquers the top 10 for the third week in a row. Netflix's crime thriller with Sam Worthington is going like a storm. Harlan Coben's series has been giving the competition no chance for three weeks and still remains at the top of the global top 10.
Information 74 million views in 18 days and the biggest series hit on Netflix...","74 decies centena opiniones in 18 diebus et scriptor maximus series Netflix ictus anni. The ""bibendo"" crimen thriller summum 10 vincit pro tertia hebdomade in ordine. Crimen perhorruit Netflix cum Sam Worthington quasi tempestas eat. Harlan Coben series certationis nullam occasionem dedit per tres septimanas et adhuc in summo vertice globali manet 10 .
Informationes 74 decies centena millia views in 18 diebus et series maxima in Netflix... hit.",https://www.gry-online.pl/newsroom/74-mln-wyswietlen-w-18-dni-i-najwiekszy-serialowy-hit-netflixa-ro/z3313c9,https://www.gry-online.pl/i/h/22/521200170.jpg,,"Niedawno informowalimy Was o tym, e drugie sezony hitowych seriali Netflixa w ostatnim czasie nie radz sobie najlepiej. Gigant streamingu stawia jednak take na nowe tytuy oparte na sprawdzonej formul… [+2414 chars]",,2026-07-09 13:27:10+00:00,random,,,
c18a375b57dafb3036c0c412c00494e6,2026-07-01T05:23:06Z,Heat Wave,fala upałów województwo śląskie powiat lubliniecki,wydarzenia.interia.pl,pl,0.3,"Abgerissene Dächer, Überschwemmungen und Stromausfälle. Gewaltige Stürme zogen über Polen hinweg. Gewaltige Stürme zogen über Polen hinweg. Schwierig war die Situation unter anderem in Wschowa (Woiwodschaft Lebus), wo die Feuerwehr 76 Mal eingriff. - Wir hatten Berichte über überschwemmte Grundstücke, Straßen, kaputte und beschädigte Stromleitungen - sagte er am...","Zerwane dachy, podtopienia i brak prądu. Nad Polską przeszły ogromne burze","Nad Polską przeszły ogromne burze. Trudna sytuacja panowała między innymi we Wschowie (woj. lubuskie), gdzie strażacy interweniowali 76 razy. - Mieliśmy zgłoszenia o zalanych posesjach, drogach, zerwanych i uszkodzonych liniach energetycznych - powiedział na …","Roofs torn off, flooding and power outages. Huge storms passed over Poland. Huge storms passed over Poland. The situation was difficult, among others, in Wschowa (Lubusz Voivodeship), where firefighters intervened 76 times. - We had reports of flooded properties, roads, broken and damaged power lines - he said on...","Tecta avulsa, inundatio et potentia outages. Tempestates ingentes Poloniam transierunt. Tempestates ingentes Poloniam transierunt. Res difficilis erat inter alios in Wschowa (Lubusz Voivodeship), ubi pugnatores 76 temporibus intercedebant. - Inundationes possessiones, viarum, fractis et adflictis viribus lineas habuimus - dixit in...","https://wydarzenia.interia.pl/kraj/news-zerwane-dachy-podtopienia-i-brak-pradu-nad-polska-przeszly-o,nId,23507646",https://i.iplsc.com/-/000MZOFM73SQESSJ-C461.jpg,,"Burze nawiedziy midzy innymi województwo lubuskie. Oficer Prasowy Komendanta Powiatowego Pastwowej Stray Poarnej we Wschowie st. bryg. Tomasz Maciejewski poinformowa w rozmowie z Polsat News, e w noc… [+2402 chars]",,2026-07-10 04:32:15+00:00,wmo,Poland,WCE,Europe
878f336124e6bf38dcb4d934fc216774,2026-07-05T04:20:00Z,Thunderstorm,burza,www.sport.pl,pl,0.9,"Hat Sabalenka psychische Probleme? Ehemaliger Trainer Williams: „Es ist beunruhigend.“ Aryna Sabalenka stürmt durch das diesjährige Wimbledon. Die WTA-Ranglistenführerin steht bereits im Achtelfinale und hat im Turnier noch keinen einzigen Satz verloren. Allerdings bemerkt der ehemalige Trainer von Serena Williams, Rick Macci, einige Schwierigkeiten für die Weißrussin. Hervorragender Trainer…","Sabalenka ma problemy psychiczne? Były trener Williams: ""To niepokojące""","Aryna Sabalenka idzie jak burza przez tegoroczny Wimbledon. Liderka rankingu WTA jest już w 1/8 finału, a w turnieju nie straciła jeszcze ani jednego seta. Pewne trudności u Białorusinki zauważa jednak były trener Sereny Williams, Rick Macci. Wybitny szkoleni…","Does Sabalenka have mental problems? Former coach Williams: ""It's disturbing."" Aryna Sabalenka is storming through this year's Wimbledon. The WTA ranking leader is already in the 1/8 finals, and she has not lost a single set in the tournament yet. However, Serena Williams' former coach, Rick Macci, notices some difficulties for the Belarusian. Outstanding Trainer…","Utrum Sabalenka mentis difficultates habeat? Raeda priora Williams: ""Perturbatus est."" Aryna Sabalenka hoc anno Wimbledon oppugnat. Dux WTA ordo in finalibus 1/8 iam est, et unum in torneamento adhuc positum non amisit. Tamen Serena Williams ' rheda pristina, Rick Macci, aliquas difficultates pro Belarusiano notavit. Egregius Instructus…","https://www.sport.pl/tenis/7,64987,32895497,sabalenka-ma-problemy-psychiczne-byly-trener-williams-to.html","https://bi.im-g.pl/im/61/5d/1f/z32889953IER,Aryna-Sabalenka.jpg",,"Aryna Sabalenka wciąż czeka na pierwszym triumf w Wimbledonie, być może Białorusinka zatriumfuje na trawie w tym roku. Liderka rankingu WTA idzie przez turniej jak burza, nie tracąc nawet seta. W trz… [+1998 chars]",,2026-07-10 21:34:02+00:00,random,,,
2191dd9d7b9116041616395ff7638377,2026-07-06T06:43:07Z,Thunderstorm,burza,wiadomosci.wp.pl,pl,0.7,"Sturm nach dem WP-Text über Neurochirurgen. „Das Vertrauenslimit ist ausgeschöpft.“ 26.000 PLN pro Stunde wurden von einer Gruppe von Neurochirurgen berechnet, die in mehreren Woiwodschaften tätig sind - verriet Wirtualna Polska. Der Nationale Gesundheitsfonds meldete teurere Eingriffe als durchgeführt wurden. „Es ist unmöglich, täglich so viele solcher Eingriffe zuverlässig durchzuführen, um den Patienten wirklich zu helfen …“","Burza po tekście WP o neurochirurgach. ""Limit zaufania się wyczerpuje""","26 tys. zł na godzinę brała grupa neurochirurgów pracujących na terenie kilku województw - ujawniła Wirtualna Polska. NFZ sprawozdawali droższe procedury, niż wykonywali. ""NIE DA SIĘ zrobić rzetelnie tylu takich zabiegów dziennie, aby naprawdę pomóc pacjentom…","Storm after the WP text about neurosurgeons. ""The trust limit is exhausted."" 26 thousand PLN per hour was charged by a group of neurosurgeons working in several voivodeships - revealed Wirtualna Polska. The National Health Fund reported more expensive procedures than they performed. ""It is impossible to reliably perform so many such procedures a day to really help patients...","Tempestas post WP textum de neurosurgeons. "" Fides modus defatigatus."" 26 milium PLN per horae catervae neurosurgionum in plurium voivoderum operantium accusatus est - Wirtualna Polska revelatur. In National Health Fund nuntiavit rationes pretiosiores quam illi fiebant. ""Impossibile est tot eiusmodi agendi rationes certo die praestare ut aegros vere adiuvent ...",https://wiadomosci.wp.pl/burza-po-tekscie-wp-o-neurochirurgach-limit-zaufania-sie-wyczerpuje-7304473399282016a,https://v.wpimg.pl/MTg4MTYzYjUGVjtndgFvIEUObz0wWGF2EhZ3dnZLf2BXTHpiaVUrPQtRPzEpFWMzFUE9NS4KYyQLGywkMFU7ZUhQJCcpFiwtSFEgNjweYmJSDCxjbBh5eV5RdGx0Ti81Vhl1MWBCYDdXAnxsYUt7Z18AK3Yk,,"Wirtualna Polska ujawnia, e spóka neurochirurgów dziaajca na terenie kilku województw moga wystawia olbrzymie rachunki szpitalom - nawet 26 tys. z za godzin i ponad 300 tys. z dniówki. Lekarze seriam… [+2901 chars]",,2026-07-11 03:51:27+00:00,random,,,
e76bd2c25019241d3c50939bd83f0195,2026-07-05T16:15:02Z,Thunderstorm,burza,natemat.pl,pl,0.9,"Der Skandal um die „Patrioten für die Ukraine“ hat die PiS aufgeheizt. Kosiniak-Kamysz legt seine Karten auf den Tisch. Wegen des angeblichen Transfers von Patriot-Raketen in die Ukraine brach ein politischer Sturm aus. Jetzt hat der Chef des Verteidigungsministeriums, Władysław Kosiniak-Kamysz, die Freigabe aller Militärspenden an die Ukraine im Zeitraum 2022-2026 angekündigt. Gleichzeitig gab er bekannt, dass…",Afera o Patrioty dla Ukrainy rozgrzała PiS. Kosiniak-Kamysz wykłada karty na stół,"Wokół rzekomego przekazania Ukrainie rakiet do systemów Patriot wybuchła polityczna burza. Teraz szef MON Władysław Kosiniak-Kamysz poinformował o odtajnieniu wszystkich donacji wojskowych przekazanych Ukrainie w latach 2022-2026. Jednocześnie zapowiedział, ż…","The Patriots for Ukraine scandal has heated up PiS. Kosiniak-Kamysz puts his cards on the table. A political storm broke out over the alleged transfer of Patriot missiles to Ukraine. Now the head of the Ministry of National Defense, Władysław Kosiniak-Kamysz, has announced the declassification of all military donations made to Ukraine in 2022-2026. At the same time, he announced that…","Patriotae pro Ucraina scandalum PiS movit. Kosiniak-Kamysz tabellas suas in mensa ponit. Tempestas politica orta est propter assertam translationem missilium Patriot in Ucrainam. Nunc caput Ministerii defensionis nationalis, Władysław Kosiniak-Kamysz, denuntiavit declassificatione omnium donationum militarium Ucrainae factae anno 2022-2026. Eodem tempore pronuntiavit…","https://natemat.pl/659740,afera-o-patrioty-dla-ukrainy-rozgrzala-pis-kosiniak-kamysz-wyklada-karty-na-stol",https://m.natemat.pl/kosiniak-kamysz-64o75err-1920x1080x0x0.webp,,Wokó rzekomego przekazania Ukrainie rakiet do systemów Patriot wybucha polityczna burza. Teraz szef MON Wadysaw Kosiniak-Kamysz poinformowa o odtajnieniu wszystkich donacji wojskowych przekazanych Uk… [+3271 chars],,2026-07-11 03:51:27+00:00,random,,,
888c3e88f043c9d658706cf98d4eae58,2026-07-01T15:28:23Z,Heat Wave,fala upałów województwo łódzkie powiat pabianicki,kobieta.interia.pl,pl,0.3,"Wie schützt man Hortensien vor der sengenden Sonne? Nur ein einfacher Trick. Die Hitzewelle fordert ihren Tribut. In dieser Zeit lohnt es sich, Hortensien besonders zu pflegen. Die sengende Sonne schadet mehr als sie nützt. Wenn wir also von beeindruckenden Blumen träumen, sollten wir sie richtig schützen. Nur ein einfacher Trick.",Jak chronić hortensje przed palącym słońcem? Wystarczy prosty trik,"Fala upałów daje się we znaki. W tym czasie szczególną opieką warto otoczyć hortensje. Palące słońce wyrządzi więcej szkody niż pożytku, dlatego jeśli marzymy o okazałych kwiatach, powinniśmy je odpowiednio chronić. Wystarczy prosty trik.","How to protect hydrangeas from the scorching sun? Just a simple trick. The heatwave is taking its toll. During this time, it is worth taking special care of hydrangeas. The scorching sun will do more harm than good, so if we dream of impressive flowers, we should protect them properly. Just a simple trick.","Quomodo hydrangeas ab ardore solis defendat? Simplex dolus iustus. Theloneum aestus accipit. Hoc tempore, speciali cura hydrangeas curando valet. Sol urens plus nocet quam bonum, ergo si somniamus flores impressos, illos recte tueri debemus. Simplex dolus iustus.","https://kobieta.interia.pl/porady/news-jak-chronic-hortensje-przed-palacym-sloncem-wystarczy-prosty,nId,23508053",https://i.iplsc.com/-/000GCW5Z36NQTUSF-C461.jpg,,"Spis treci:
<ol><li>Tak upa wpywa na hortensj. Dziaaj natychmiast
</li><li>Jak chroni hortensje przed palcym socem? Wystarczy prosty trik
</li></ol>
Wysokie temperatury panujce latem to moment pr… [+2152 chars]",,2026-07-11 11:29:49+00:00,wmo,Poland,WCE,Europe
2d4ef3494921225c8ea5467f888a97d1,2026-07-02T06:43:13Z,Heat Wave,fala upałów województwo lubelskie powiat radzyński,wiadomosci.wp.pl,pl,0.3,"Der Taxifahrer antwortet dem PO-Stadtrat. „Davon war keine Rede.“ Ein Taxifahrer, der einen Stadtrat der Bürgerplattform transportierte, der im Auto stritt, erzählte von dem Vorfall. Der Fahrer betonte, er wisse nicht, dass die Frau, die Piotr Matan begleitete, schwanger sei.","Taksówkarz odpowiada radnemu PO. ""Nie było o tym mowy""","Taksówkarz, który wiózł radnego Platformy Obywatelskiej wykłócającego się w samochodzie, opowiedział o zdarzeniu. Kierowca podkreślił, że nie wiedział, iż towarzysząca Piotrowi Matanowi kobieta jest w ciąży.","The taxi driver responds to the PO councilor. ""There was no talk of it."" A taxi driver who was transporting a Civic Platform councilor who was arguing in the car told about the incident. The driver emphasized that he did not know that the woman accompanying Piotr Matan was pregnant.","Exactoris taxi consiliario PO respondet. ""Nulla mentio de eo"". A taxi agitator qui consiliarium tribunal Civicum transportabat qui in autocineto disputabat nuntiavit de incidentibus. Auriga inculcavit se nescire mulierem comitante Piotr Matan gravidam esse.",https://wiadomosci.wp.pl/taksowkarz-odpowiada-radnemu-po-nie-bylo-o-tym-mowy-7303056272574816a,https://v.wpimg.pl/NGI1NDlhYSYoUzh3QxNsM2sLbC0FSmJlPBN0ZkNZfHN5SXlyXEcoLiVUPCEcB2AgO0Q-JRsYYDclHi80BUc4dmZVJzccBC8-ZlQjJgkMYXV-AysnWVgsankBeSdBXHpzfBx3fV5ZY34sVXomWVx3Ji8JKGYR,,W rod wieczorem witokrzyski Urzd Wojewódzki poinformowa o odwoaniu Piotra Matana z funkcji penomocnika wojewody witokrzyskiego ds. wspópracy z przedstawicielami rodowisk lokalnych i soectwami. Wojewo… [+2690 chars],,2026-07-11 11:29:49+00:00,wmo,Poland,WCE,Europe
877e8404dfad1aa06341eb893fc4d888,2026-07-03T18:22:00Z,Thunderstorm,grad województwo łódzkie powiat opoczyński,kobieta.gazeta.pl,pl,0.3,"Machen Sie am Ende des Sommers etwas mit Lavendel. Es wird dichter und behält seine schöne Form. Lavendel erfreut den ganzen Sommer über mit seinem Duft und seinen violetten Blüten, doch nach der Blüte bedarf er der richtigen Pflege. Viele Menschen machen dann einen einfachen Fehler, der die Pflanze vor der nächsten Saison schwächen kann. Nur ein paar einfache Schritte genügen, um…",Zrób coś z lawendą pod koniec lata. Będzie gęstsza i zachowa piękny kształt,"Lawenda zachwyca zapachem i fioletowymi kwiatami przez całe lato, ale po zakończeniu kwitnienia wymaga odpowiedniej pielęgnacji. Wiele osób popełnia wtedy prosty błąd, który może osłabić roślinę przed kolejnym sezonem. Wystarczy kilka prostych działań, aby pr…","Do something with lavender at the end of summer. It will be denser and retain its beautiful shape. Lavender delights with its scent and purple flowers all summer long, but after flowering it requires proper care. Many people then make a simple mistake that can weaken the plant before the next season. Just a few simple steps are enough to…","Aliquid cum casia in fine aestatis. Crassior erit, formamque suam retinebit pulchram. Casia odore suo delectat, et florem purpureum per aestatem longam, sed post anthesin diligentiam propriam requirit. Multi ergo simplicem errorem faciunt qui plantam ante tempus proximum debilitare possunt. Paucis gradibus simplicibus satis est…","https://kobieta.gazeta.pl/dom-i-ogrod/7,197735,32886395,zrob-cos-z-lawenda-pod-koniec-lata-bedzie-gestsza-i-zachowa.html",https://bi.im-g.pl/im/99/5c/1f/z32886425IER.jpg,,"Lawenda od lat należy do najpopularniejszych roślin ogrodowych. Zachwyca wyglądem, przyciąga pszczoły i nie sprawia większych problemów w uprawie. Po zakończeniu kwitnienia warto jednak poświęcić jej… [+2791 chars]",,2026-07-11 11:29:49+00:00,wmo,Poland,WCE,Europe
ebe99322b7540e17475f63a78e2ee38f,2026-07-08T09:00:20Z,Storm,burza województwo małopolskie powiat brzeski,antyweb.pl,pl,0.3,WLAN auf dem Rasen und ein sicherer Pavillon. Garten Smart Home. Wir tragen einen kleinen Computer und eine Kamera in der Tasche und delegieren immer mehr unserer Pflichten und Haushaltsaufgaben an intelligente Geräte. Ein von Grund auf selbst gebautes Smart Home überrascht niemanden mehr.,Wi-Fi na trawniku i bezpieczna altanka. Ogrodowy smart home,"W kieszeni nosimy mały komputer i aparat w jednym, a coraz większą część obowiązków i zadań domowych oddajemy inteligentnym  urządzeniom. Smart home, budowany samodzielnie, od podstaw, już nikogo nie dziwi.","Wi-Fi on the lawn and a safe gazebo. Garden smart home. We carry a small computer and a camera in one in our pocket, and we delegate more and more of our duties and household tasks to intelligent devices. A smart home built on your own, from scratch, no longer surprises anyone.","Wi-FI in gramina et tutam gazebo. Hortus dolor domum. Computatrum parvum et cameram in uno sinu gestamus, et officia nostra et officia domestica magis ac magis delegamus prudentibus machinis. Domum callidam in tuo aedificatam, de integro, neminem iam admiror.",https://antyweb.pl/wi-fi-na-trawniku-i-bezpieczna-altanka-ogrodowy-smart-home,"https://static.antyweb.pl/img/w_1250,h_550/wp-content/uploads/2026/07/be25outdoor-1.jpg",,"Ogród te przesta by miejscem, gdzie technologia koczy si na kablu do lampek choinkowych. Obecnie coraz wicej osób chce mie w nim to samo, co w domu: stabilny internet, kamery, czujniki i automatyzacj… [+6786 chars]",,2026-07-11 11:29:49+00:00,wmo,Poland,WCE,Europe
acd18900eb12a13b52fb46a4a85bfadc,2026-07-03T18:13:40Z,Thunderstorm,burza,natemat.pl,pl,0.7,"Der Sturm über dem Gołębiewski-Hotel in Pobierowo langweilt mich. Das ist die Art von Urlaub, die sich die Polen wünschen. Seit Monaten geht es in der polnischen Tourismusbranche nicht mehr so ​​heiß her wie etwa einen Monat nach der Eröffnung des Gołębiewski-Hotels in Pobierowo. Die Google-Bewertungen schießen in die Höhe, Książlo weint, weil es zu heiß ist. Und die Leute? Sie werden trotzdem kommen, denn das ist die URL für sie ...",Burza o Hotel Gołębiewski w Pobierowie mnie nudzi. Takiego urlopu chcą Polacy,"Od miesięcy polska branża turystyczna nie była tak gorąco podgrzewana, jak przez ok. miesiąc od otwarcia Hotelu Gołębiewskiego w Pobierowie. Oceny w Google lecą na łeb, na szyję, Książulo płacze, bo jest za gorąco. A ludzie? I tak przyjadą, bo to dla nich url…","The storm over the Gołębiewski Hotel in Pobierowo bores me. This is the kind of holiday that Poles want. For months, the Polish tourism industry has not been as heated as it was for about a month after the opening of the Gołębiewski Hotel in Pobierowo. Google ratings are skyrocketing, Książlo is crying because it's too hot. And the people? They will come anyway, because this is the URL for them...","Procella super Hotel Gołębiewski in Pobierowo me genuit. Hoc genus feriae, quod Poloni volunt. Menses, voluptuaria similesve Polonica industria non tam calefacta fuit sicut per mensem circiter post Hotel in Pobierowo Gołębiewski aperitur. Google ratings skyrocketing sunt, Książlo plorat quia nimis calidus est. Et populus? Venient usquam, quia hoc domicilium pro illis est.","https://natemat.pl/659620,burza-o-hotel-golebiewski-w-pobierowie-mnie-nudzi-takiego-urlopu-chca-polacy",https://m.natemat.pl/hotel-golebiewski-w-pobierowie-odpowiedzia-na-to-czego-chca-polscy-turysci-fbnsfn34-1920x1080x0x0.webp,,"Od miesicy polska brana turystyczna nie bya tak gorco podgrzewana, jak przez ok. miesic od otwarcia Hotelu Gobiewskiego w Pobierowie. Oceny w Google lec na eb, na szyj, Ksiulo pacze, bo jest za gorco… [+4800 chars]",,2026-07-11 16:24:24+00:00,random,,,
772843a73d2241b86c50870dd41037b4,2026-07-01T08:25:25Z,Thunderstorm,burza,wiadomosci.wp.pl,pl,0.9,"Selbsternannte „Patrouillen“ in Lublin. Die Stellungnahme des Ministeriums für Inneres und Verwaltung löste einen Sturm im Internet aus. Ein Journalist von Radio Nowy Świat berichtete auf X, dass die Kamracka-Nationalgarde durch die Straßen von Lublin marschierte. Ihre Mitglieder geben sich als Dienste aus und sollen Passanten fangen und identifizieren. Der Beitrag wurde dann von Agnieszka Gozdyra kommentiert, die dazu aufrief: „...","Samozwańcze ""patrole"" w Lublinie. MSWiA komentuje, w sieci burza","Dziennikarka Radia Nowy Świat poinformowała na X, że ulicami Lublina spaceruje Narodowa Straż Kamracka. Jej członkowie, podszywając się pod służby, mają wyłapywać i legitymować przechodniów. Post skomentowała następnie Agnieszka Gozdyra, która zaapelowała o ""…","Self-proclaimed ""patrols"" in Lublin. The Ministry of Interior and Administration comments, causing a storm on the Internet. A journalist from Radio Nowy Świat reported on X that the Kamracka National Guard was walking through the streets of Lublin. Its members, impersonating the services, are supposed to catch and identify passers-by. The post was then commented by Agnieszka Gozdyra, who appealed for ""...","In Lublinensi ""vigiliae"" auto-edictum est. Ministerium Interioris et Administrationis commentatur, tempestatem in Interreti causans. Diurnarius e Radio Nowy wiat nuntiavit X Kamracka praetorium nationale per vias Lublinensis ambulare. Membra eius, officia personans, transeuntes capere et cognoscere existimantur. Posta tunc commentatur Gozdyra Agnieszka, qui appellaverat ""...",https://wiadomosci.wp.pl/samozwancze-patrole-w-lublinie-mswia-komentuje-w-sieci-burza-7302732291156288a,https://v.wpimg.pl/YjY2YzNkdgs4UC9JYRB7HnsIexMnSXVILBBjWGFaYFhpSnYcJwc8GDxCNlQpGSwaOEUpVD4HdgspW3YMf0Q9AypCNRs3RDwHO1c9VSwNalI8AWwZY1xhXzofbRt2WHQLbQFpVypfaghvBDpJKlJhU3tP,,"""Ulicami Lublina spaceruje Narodowa Stra Kamracka. Tylko jako nie czuj si bezpieczniej. Chopaki i dziewczyny udajcy sub to co przeraajcego, a w komentarzach czytam o wyapywaniu Ukraiców. Pyniemy w st… [+1893 chars]",,2026-07-11 16:24:24+00:00,random,,,
9a824b70307726f14e4f6dbb772ddcbf,2026-07-06T14:29:43Z,Thunderstorm,burza,natemat.pl,pl,0.9,"Donald Tusk äußerte sich klar zu den Patrioten. Vier Worte reichten dem Premierminister. In Polen brach ein Sturm aus, als es um Berichte über den angeblichen Transfer von Patriot-Raketen in die Ukraine ging. Jetzt hat Donald Tusk gesprochen. Er sprach entschieden davon, unseren östlichen Nachbarn zu helfen. Seine Worte sollen unter anderem zum Nachdenken anregen: Karol Nawros Leute...",Donald Tusk ws. Patriotów z jasnym komentarzem. Premierowi wystarczyły 4 słowa,W Polsce wybuchła burza w sprawie doniesień o domniemanym przekazaniu Ukrainie pocisków Patriot. Teraz głos zabrał Donald Tusk. Stanowczo wypowiedział się na temat pomocy naszym wschodnim sąsiadom. Jego słowa powinny dać do myślenia m.in. ludziom Karola Nawro…,"Donald Tusk regarding Patriots with a clear comment. Four words were enough for the Prime Minister. A storm broke out in Poland regarding reports of the alleged transfer of Patriot missiles to Ukraine. Now Donald Tusk has spoken. He spoke firmly about helping our eastern neighbors. His words should give food for thought, among others: Karol Nawro's people...","Donald Tusk de Patriotis luculento commento. Quattuor verba satis esse Primo Ministro. Tempestas in Polonia orta est de relationibus asserti translationis missilium Patriot in Ucrainam. Nunc Donaldus Tusk locutus est. Firmiter locutus est de auxilio proximis nostris orientalibus. Verba eius cogitationi alimenta dare debent, inter alios: Karol Nawro's people...","https://natemat.pl/659824,donald-tusk-ws-patriotow-z-jasnym-komentarzem-premierowi-wystarczyly-4-slowa",https://m.natemat.pl/donald-tusk-7asmk177-1920x1080x0x0.webp,,W Polsce wybucha burza w sprawie doniesie o domniemanym przekazaniu Ukrainie pocisków Patriot. Teraz gos zabra Donald Tusk. Stanowczo wypowiedzia si na temat pomocy naszym wschodnim ssiadom. Jego sow… [+2686 chars],,2026-07-11 16:24:24+00:00,random,,,
7a2e503eb367881f96c37e25e1d5c652,2026-07-06T15:32:17Z,Thunderstorm,burza,natemat.pl,pl,0.9,"Der „Patriots for Ukraine“-Skandal. Der Chef des Verteidigungsministeriums gibt Daten preis und bringt Kritiker zum Schweigen. In Polen herrscht ein politischer Sturm, ausgelöst durch den Transfer von Patriot-Raketen in die Ukraine. All dies führte zu einer Konferenz zwischen dem Leiter des Verteidigungsministeriums. – Unsere Hilfe ist durch unsere Werte und Prinzipien, aber auch durch das vernünftige, pragmatische Interesse des Staates gerechtfertigt…",Afera ws. Patriotów dla Ukrainy. Szef MON ujawnia dane i zamyka usta krytykom,"W Polsce trwa polityczna burza wywołana przekazaniem Ukrainie pocisków Patriot. Wszystko to doprowadziło do konferencji szefa MON. – Nasza pomoc jest uzasadniona naszymi wartościami i zasadami, ale również zdroworozsądkowym, pragmatycznym interesem państwa po…","The Patriots for Ukraine scandal. The head of the Ministry of National Defense reveals data and silences critics. There is a political storm in Poland caused by the transfer of Patriot missiles to Ukraine. All this led to a conference between the head of the Ministry of National Defense. – Our help is justified by our values ​​and principles, but also by the common-sense, pragmatic interest of the state…","Patrii pro scandalo Ucrainae. Moderator defensionis Ministerii Nationalis notitias et silentia criticorum manifestat. Tempestas politica in Polonia est per translationem missilium Patriot in Ucrainam. Haec omnia ad colloquium inter caput Defensionis Ministerii Nationalis venerunt. - Auxilium nostrum iustificatur per bona et principia nostra, sed etiam secundum sensum communem, pragmaticam rem publicam.","https://natemat.pl/659866,afera-ws-patriotow-dla-ukrainy-szef-mon-ujawnia-dane-i-zamyka-usta-krytykom",https://m.natemat.pl/yyp9hvh9-1920x1080x0x0.webp,,"W Polsce trwa polityczna burza wywoana przekazaniem Ukrainie pocisków Patriot. Wszystko to doprowadzio do konferencji szefa MON. Nasza pomoc jest uzasadniona naszymi wartociami i zasadami, ale równie… [+2172 chars]",,2026-07-11 16:24:24+00:00,random,,,
da8415d100c1c7a676dc698436f7a037,2026-07-10T16:21:53Z,Thunderstorm,burza,wiadomosci.wp.pl,pl,0.9,"Eine überraschende Erklärung von Trump und Selenskyj. „Abflug zum Mond“. PAC-3-Raketen für Patriot-Trägerraketen sind ein großes Medienthema. Nachdem ein Sturm über den Raketentransfer Polens in die Ukraine ausgebrochen war, ergaben sich neue Optionen. Erstens - der Kampf um die Errichtung einer Raketendienstanlage in Polen, zweitens - Kiew will in der Lage sein...","Zaskakująca deklaracja Trumpa i Zełenskiego. ""Odjazd na księżyc""","Pociski PAC-3 do wyrzutni Patriot to temat mocno medialny. Po tym, jak wybuchła burza o przekazanie pocisków Ukrainie przez Polskę, pojawiły się nowe opcje. Po pierwsze - walka o powstanie zakładu serwisowego pocisków w Polsce, po drugie - Kijów chce móc je p…","A surprising declaration by Trump and Zelensky. ""Departure to the Moon"". PAC-3 missiles for Patriot launchers are a highly media topic. After a storm broke out over Poland transferring missiles to Ukraine, new options emerged. Firstly - the fight for the establishment of a missile service facility in Poland, secondly - Kiev wants to be able to...","Mira declaratio per Trump et Zelensky. ""Discessum est ad Lunam"". PAC-3 missilia in Patriot launchers magni momenti sunt thema media. Postquam tempestas in Poloniam missilia in Ucrainam emissa est, novae optiones ortae sunt. Uno modo - dimicatio pro facilitate muneris missilis instaurationis in Polonia, secundo - Kioviensis vult posse.",https://wiadomosci.wp.pl/zaskakujaca-deklaracja-trumpa-i-zelenskiego-odjazd-na-ksiezyc-7305957098482016a,https://v.wpimg.pl/Zjg0NTNmdQsGUjhnYRZ4HkUKbD0nT3ZIEhJ0dmFcY1hXSGEyJwE_GAJAIXopHy8aBkc-ej4BdQsXWWEif0I-AxRAIjU3Qj8HBVUqe31fOwtfASg2Y1Q8XQQdejUqCHcLU1UqeX0IaAxfBHtnKFg5XEVN,,"Prezydent Ukrainy Woodymyr Zeenski poinformowa, e w rozmowie z prezydentem USA Donaldem Trumpem szczegóowo omawia licencj na produkcj systemów obrony powietrznej Patriot. Doda, e w najbliszych dniach… [+7700 chars]",,2026-07-11 21:14:02+00:00,random,,,
884c3ab5ba7a2b43e9b33b8933dfc5f3,2026-07-02T07:10:47Z,Thunderstorm,burza,wydarzenia.interia.pl,pl,0.9,"Erster Tag des neuen Sommers. Wir treten in eine weitere Wetterphase ein. Dies ist das Ende der atemberaubenden Hitze. In Polen sinken die Temperaturen nicht nur am Donnerstag deutlich auf deutlich unter 30 Grad. Wir werden Stürme noch nicht ganz vergessen können, aber dieses Mal sollten sie nicht so viele Probleme verursachen ...",Pierwszy dzień nowego lata. Wchodzimy w kolejną fazę pogodową,"To koniec zapierającego dech upału. W Polsce temperatury wyraźnie się obniżą do poziomu znacznie poniżej 30 stopni, i to nie tylko w czwartek. Nie będziemy mogli jeszcze całkowicie zapomnieć o burzach, jednak tym razem nie powinny one sprawić tyle problemów, …","First day of the new summer. We are entering another weather phase. This is the end of the breathtaking heat. In Poland, temperatures will drop significantly to well below 30 degrees, and not only on Thursday. We won't be able to completely forget about storms yet, but this time they shouldn't cause so many problems...","Primo die aestatis novae. Aliam tempestatem tempus intramus. Hic est finis stupendi caloris. In Polonia temperaturae significanter bene infra 30 gradus decident, et non solum die Iovis. De procellis adhuc oblivisci non poterimus, sed hoc tempus ne tot difficultates faciamus...","https://wydarzenia.interia.pl/kraj/news-pierwszy-dzien-nowej-wersji-lata-czwartek-przynosi-powazne-z,nId,23508289",https://i.iplsc.com/-/000MZWRAB6TQ8Y4O-C461.jpg,,"Afrykaskie upay oraz najgorsze burze ju za nami. W adnym miejscu Polski nie zanotujemy ju temperatur na poziomie 30 stopni, i to na duej. Aura wci nie bdzie jednak cakowicie spokojna. Do czci kraju w… [+2105 chars]",,2026-07-12 11:37:09+00:00,random,,,
c0da8cc9430d45ed7ecc5c6dd86570f8,2026-07-03T12:00:39Z,Earthquake,trzęsienie ziemi,imagazine.pl,pl,0.9,"Ein Rekord in den Ausstellungsräumen und ein Marktbeben. Chinesische Autos sprengen in Polen die Bank. Polnische Autohäuser stehen unter Belagerung und die Verkaufsergebnisse im Juni übertrafen die kühnsten Erwartungen der Analysten. Das eigentliche Erdbeben sind jedoch nicht nur die Rekordzahlen, sondern die beispiellose, kraftvolle Offensive der Produzenten aus ...",Rekord w salonach i rynkowe trzęsienie ziemi. Chińskie samochody rozbijają bank w Polsce,"Polskie salony samochodowe przeżywają prawdziwe oblężenie, a czerwcowe wyniki sprzedaży przeszły najśmielsze oczekiwania analityków. Prawdziwym trzęsieniem ziemi nie są jednak wyłącznie rekordowe liczby, ale niespotykana dotąd, potężna ofensywa producentów z …","A record in showrooms and a market earthquake. Chinese cars are breaking the bank in Poland. Polish car showrooms are under siege, and June's sales results exceeded analysts' wildest expectations. However, the real earthquake is not only the record numbers, but the unprecedented, powerful offensive of producers from ...","Commentarius in showrooms et mercatus terrae. Seres cars ripae in Polonia frangunt. Showrooms autocinetorum Poloniae obsidentur, et eventus venditio Iunii analystae mentium exspectationem excedit. Attamen verus terrae motus non solum numerus rerum memorabilis, sed etiam inauditus, potens ingrata effectrix est...",https://imagazine.pl/2026/07/03/rekord-sprzedazy-aut-czerwiec-2026-chinskie-marki/,https://imagazine.pl/wp-content/uploads/2025/06/Nowa-Kia-Sportage-3a.jpg,,"Polskie salony samochodowe przeywaj prawdziwe oblenie, a czerwcowe wyniki sprzeday przeszy najmielsze oczekiwania analityków.
Prawdziwym trzsieniem ziemi nie s jednak wycznie rekordowe liczby, ale n… [+3090 chars]",,2026-07-13 12:46:13+00:00,random,,,
df66fba42eceb9eaec8d07c85c286e81,2026-07-06T04:10:17Z,Earthquake,trzęsienie ziemi,www.bankier.pl,pl,0.7,"Cyberbetrug, Gelddrucker und gigantische Korruption. Erdbeben in der Zentralbank von Bangladesch. Die Antikorruptionskommission von Bangladesch (ACC) zieht die Schlinge um drei ehemalige Zentralbankgouverneure enger. Die Ermittler analysieren Dokumente, die sich unter anderem auf das Drucken von Geld, die Manipulation von Expositionsgrenzen und den berühmten Cyberangriff auf in… angesparte Währungsreserven beziehen.","Cyberprzekręt, drukarki pieniędzy i gigantyczna korupcja. Trzęsienie ziemi w banku centralnym Bangladeszu","Bangladeska Komisja Antykorupcyjna (ACC) zaciska pętlę wokół trzech byłych prezesów banku centralnego. Śledczy analizują dokumenty dotyczące m.in. dodruku pieniądza, manipulowania limitami zaangażowania oraz słynnego cybernapadu na rezerwy walutowe zapisane n…","Cyber ​​scam, money printers and gigantic corruption. Earthquake in the Central Bank of Bangladesh. The Anti-Corruption Commission of Bangladesh (ACC) is tightening the noose around three former central bank governors. Investigators are analyzing documents regarding, among others: printing money, manipulating exposure limits and the famous cyber attack on currency reserves saved in…","Cyber ​​MALITIA, pecunia typographorum sportulae corruptelae. Terrae motus in Central Bank of Bangladesh. Commissio Anti-Corruptionis Bangladesh (ACC) laqueum circa tres praesides argentariae centrales priores constringit. Indagatores examinare documenta spectantia, inter alia: pecuniam excudendi, limites detectionis abusionibus et notabiles cyber oppugnationis in subsidiis monetarum servatis in…",https://www.bankier.pl/wiadomosc/Trzech-byly-prezesow-banku-centralnego-Bangladeszu-pod-lupa-W-tle-kradziez-rezerw-z-Nowego-Jorku-korupcja-dodruk-pieniadza-i-pranie-brudnych-pieniedzy-9163327.html,https://galeria.bankier.pl/p/a/d/27d6601b9ddd86-945-567-236-96-3263-1958.jpg,,"Bangladeska Komisja Antykorupcyjna (ACC) zaciska ptl wokó
trzech byych prezesów banku centralnego. ledczy analizuj dokumenty
dotyczce m.in. dodruku pienidza, manipulowania limitami
zaangaowania kr… [+5492 chars]",,2026-07-13 17:28:50+00:00,random,,,
254fe3090568e9dc0e45274ccbce3372,2026-07-07T12:54:17Z,Earthquake,trzęsienie ziemi,wydarzenia.interia.pl,pl,0.7,"Erdbeben in der amerikanischen Politik. Der Skandal trifft den Plan der Demokraten. Skandale um seine Kommentare im Internet, ein umstrittenes Tattoo oder Berichte über Misshandlungen von Frauen haben ihm nicht geschadet. Er wurde schließlich von den Vergewaltigungsvorwürfen seiner ehemaligen Partnerin überwältigt. Graham Platner, der Hoffnungsträger der Demokratischen Partei, zu gewinnen …",Trzęsienie ziemi w amerykańskiej polityce. Skandal uderza w plan demokratów,"Nie zaszkodziły mu skandale wokół jego komentarzy w internecie, kontrowersyjny tatuaż ani doniesienia o złym traktowaniu kobiet. Utopiły go w końcu oskarżenia o gwałt ze strony byłej parterki. Graham Platner, który był nadzieją Partii Demokratycznej na odebra…","Earthquake in American politics. The scandal hits the Democrats' plan. He was not harmed by scandals surrounding his comments on the Internet, a controversial tattoo or reports of mistreatment of women. He was finally drowned by accusations of rape from his former partner. Graham Platner, who was the Democratic Party's hope to win…","Terrae motus in politica Americana. Scandalum ferit consilium Democratarum. Non laeditur scandalis circa commenta in Interreti, Threicae controversiae vel mulierum calumniae relationes. Tandem crimine stupri a priore conjuge submersus est. Graham Platner, qui spes erat factionis Democraticae conciliandae…","https://wydarzenia.interia.pl/zagranica/news-grom-z-jasnego-nieba-w-amerykanskiej-polityce-sypie-sie-plan,nId,23510768",https://i.iplsc.com/-/000N0PKIVECHI1M4-C461.jpg,,"Graham Platner mia zdoby dla demokratów Maine i da wikszo w Senacie po jesiennych wyborach poówkowych. Tymczasem jego wietlan przyszo przekrelia przeszo, która znów dopada kandydata Partii Demokratyc… [+7804 chars]",,2026-07-13 17:28:50+00:00,random,,,
1089e831672b7194c05b953597c1b05b,2026-07-12T18:00:02Z,Earthquake,trzęsienie ziemi,natemat.pl,pl,0.9,"Jesus Christus wie Mickey Mouse. „Christliche“ Energie ist eine neue Goldgrube in den USA. Der US-amerikanische Energy-Drink-Markt erlebt ein spirituelles Erdbeben. Als es schien, dass es in einer von Giganten wie Red Bull und Monster dominierten Welt unmöglich sei, etwas Neues zu erfinden, kam die Religion ins Spiel. Aber wenn die Dose voll ist mit ...","Jezus Chrystus jak Myszka Miki. ""Chrześcijańskie"" energetyki to nowa żyła złota w USA","Amerykański rynek napojów energetycznych przeżywa duchowe trzęsienie ziemi. Kiedy wydawało się, że w świecie zdominowanym przez gigantów pokroju Red Bulla czy Monstera nie da się już wymyślić nic nowego, do gry wkroczyła religia. Tylko czy puszka naszpikowana…","Jesus Christ like Mickey Mouse. ""Christian"" energy is a new goldmine in the USA. The US energy drink market is experiencing a spiritual earthquake. When it seemed that in a world dominated by giants like Red Bull and Monster, it was impossible to invent anything new, religion came into play. But if the can is packed with…","Iesus Christus sicut Muris Mickey. ""Christiana"" industria nova auricularis in USA est. US energiae fori bibendi spiritualem terrae motum experitur. Cum visum est in mundo a gigantibus sicut Bulla Rubra et Monster dominata, nihil novi potuit fingere, religio orta est. Sed si potest, refertum est...","https://natemat.pl/660553,jezus-chrystus-jak-myszka-miki-chrzescijanskie-energetyki-to-nowa-zyla-zlota-w-usa",https://m.natemat.pl/energetyki-w-sklepie-w-usa-t0b54h50-1920x1080x0x0.webp,,"Amerykaski rynek napojów energetycznych przeywa duchowe trzsienie ziemi. Kiedy wydawao si, e w wiecie zdominowanym przez gigantów pokroju Red Bulla czy Monstera nie da si ju wymyli nic nowego, do gry… [+4699 chars]",,2026-07-13 21:28:14+00:00,random,,,
b618c87215e1d866a94d116174ce27ca,2026-07-13T06:58:31Z,Thunderstorm,grad,kobieta.interia.pl,pl,0.9,"Erschöpfende Hitze kehrt nach Polen zurück. Im Schatten sogar 38 Grad. Nach einigen Tagen mit Temperaturen um die 20 Grad Celsius kehrt die Hitze nach Polen zurück. Am Samstag können die Thermometer im Schatten bis zu 38 Grad Celsius anzeigen, doch vorher kommt es zu Schauern, Gewittern und Hagel. Was kommt sonst noch in Sachen Wetter…",Wyczerpujące upały wracają do Polski. W cieniu nawet 38 st. C,"Po kilku dniach z temperaturami wynoszącymi na ogół ok. 20 st. C, do Polski wracają upały. W sobotę termometry mogą wskazywać nawet 38 st. C w cieniu, ale zanim to się stanie, czekają nas przelotne opady deszczu, burze i grad. Co jeszcze szykuje się w pogodzi…","Exhausting heat returns to Poland. Even 38 degrees C in the shade. After a few days with temperatures generally around 20 degrees C, the heat returns to Poland. On Saturday, thermometers may indicate up to 38 degrees Celsius in the shade, but before this happens, we will experience showers, thunderstorms and hail. What else is coming in the weather…","Calor exhaustus in Poloniam redit. Etiam 38 gradus c in umbra. Post paucos dies cum temperaturis fere circa 20 gradus C, calor in Poloniam redit. Sabbato thermometri ad 38 gradus Celsium in umbra indicant, sed antequam hoc fiat, imbres, tonitrua et grandinem experiemur. Quid aliud in tempestate venit…","https://kobieta.interia.pl/newsy/news-wraca-wyczerpujacy-zar-w-cieniu-bedzie-38-st-c-podano-doklad,nId,23513343",https://i.iplsc.com/-/000LC61T7J2RLQWE-C461.jpg,,"Jaka bdzie pogoda w najbliszych dniach?
W poniedziaek na ogó zachmurzenie due, miejscami moliwe przejanienia, na poudniowym zachodzie wieczorem równie rozpogodzenia. Przelotne opady deszczu mog poja… [+2782 chars]",,2026-07-14 11:52:49+00:00,random,,,
6e26d3652a414200f720eb59e7a7092d,2026-07-05T16:37:09Z,Thunderstorm,burza,www.bankier.pl,pl,0.7,"Sturm über Patrioten für die Ukraine. Das Verteidigungsministerium gibt alle Ausrüstungsspenden an die Ukraine frei. Der stellvertretende Premierminister und Leiter des Verteidigungsministeriums Władysław Kosiniak-Kamysz gab am Sonntag bekannt, dass er nach Rücksprache mit Premierminister Donald Tusk die Freigabe aller Spenden an die Ukraine im Zeitraum 2022–2026 angeordnet habe.",Burza o Patrioty dla Ukrainy. MON odtajnia wszystkie donacje sprzętowe dla Ukrainy,"Wicepremier, szef MON Władysław Kosiniak-Kamysz poinformował w niedzielę, że po konsultacji z premierem Donaldem Tuskiem zlecił odtajnienie wszystkich donacji dla Ukrainy w latach 2022-2026.","Storm over Patriots for Ukraine. The Ministry of National Defense declassifies all equipment donations to Ukraine. Deputy Prime Minister and head of the Ministry of National Defense Władysław Kosiniak-Kamysz announced on Sunday that, after consulting Prime Minister Donald Tusk, he ordered the declassification of all donations to Ukraine in 2022-2026.","Tempestas super Patriots pro Ucraina. Ministerium defensionis Nationalis omnem apparatum donationum Ucrainae denotat. Prorex Primus Minister et Caput Ministerii Defensio Nationis Vladislaus Kosiniak-Kamysz die Dominico nuntiavit se, audito Primo Ministro Donaldo Tusk, iussit declassificatione omnium donationum in Ucraina anno 2022-2026.",https://www.bankier.pl/wiadomosc/Burza-o-Patrioty-dla-Ukrainy-MON-odtajnia-wszystkie-donacje-sprzetowe-dla-Ukrainy-9163803.html,https://galeria.bankier.pl/p/d/3/5e2f6998ffb43e-948-568-0-209-2987-1792.jpg,,"Wicepremier, szef MON Wadysaw Kosiniak-Kamysz poinformowa w niedziel, e po konsultacji z premierem Donaldem Tuskiem zleci odtajnienie wszystkich donacji dla Ukrainy w latach 2022-2026.
fot. Lukasz D… [+3625 chars]",,2026-07-14 21:29:58+00:00,random,,,
f946c5d6417ce371aa3cf2a7876b58c7,2026-07-09T17:27:59Z,Precipitation,burza,sport.interia.pl,pl,0.7,"Sturm um Jamal. Das ist nun die Reaktion. „Sie müssen den Mund halten.“ Die Form von Lamine Yamal bei dieser Weltmeisterschaft war Gegenstand erheblicher Kritik. Im Achtelfinalspiel gegen die portugiesische Nationalmannschaft blieb die Leistung des 18-Jährigen aus Barcelona weit hinter den Erwartungen zurück. Nun hat er geantwortet, wie er mit negativen Kommentaren umgeht…","Burza wokół Yamala. Teraz taka reakcja. ""Muszą się zamknąć""","Forma Lamine'a Yamala na tym mundialu jest obiektem sporej krytyki. W meczu 1/8 finału przeciwko reprezentacji Portugalii 18-latek z Barcelony zaprezentował się zdecydowanie poniżej oczekiwań. Teraz odpowiedział, w jaki sposób podchodzi do negatywnych komenta…","Storm around Yamal. Now this is the reaction. ""They need to shut up."" Lamine Yamal's form at this World Cup has been the subject of considerable criticism. In the 1/8-final match against the Portuguese national team, the 18-year-old from Barcelona performed far below expectations. Now he has answered how he deals with negative comments…","Tempestas circa Yamal. Haec autem est reactio. ""Opus est claudere."" Lamine Yamal in hoc mundo Calicem forma magnae criticae subiectum est. In 1/8-proximo certamine contra globum nationalem Lusitanum, 18 annorum Barcinone longe infra exspectationem peregit. Nunc respondit quomodo cum negativis commentationibus agat…","https://sport.interia.pl/pilka-nozna/mundial/news-wielka-wpadka-yamala-18-latek-uderza-musza-sie-zamknac-burza,nId,23512101",https://i.iplsc.com/-/000N1635YXR210YR-C461.jpg,,"Gwiazda Lamine'a Yamala nie byszczy najjaniej podczas tegorocznego mundialu. 18-latek z Barcelony nadal nie strzeli gola, ma tylko jedn asyst. Przeciwko Portugalii zaliczy bardzo saby wystp.
Yamal m… [+1994 chars]",,2026-07-14 21:29:58+00:00,random,,,
f431d1c1589f49f0696c9053181aacbc,2026-07-08T19:55:49Z,Precipitation,burza,sport.interia.pl,pl,0.9,Ein toller Start in die Europameisterschaft. Polnische Volleyballspieler stürmen wie ein Sturm. Die polnischen Volleyballspieler sind hervorragend in die U18-Europameisterschaft gestartet. Nach dem Sieg über Island kam das Team um Jacek Nawrocki auch gegen das deutlich höher platzierte Slowenien sehr gut zurecht und verlor in beiden Spielen keinen einzigen Satz. „Weiß und Schwarz…“,Znakomity początek mistrzostw Europy. Polscy siatkarze mkną jak burza,"Znakomicie mistrzostwa Europy do lat 18 rozpoczęli polscy siatkarze. Zespół prowadzony przez Jacka Nawrockiego po rozbiciu Islandii doskonale poradził sobie również ze znacznie wyżej notowaną Słowenią, nie tracąc w obu meczach choćby jednego seta. ""Biało-czer…","A great start to the European Championship. Polish volleyball players are rushing like a storm. Polish volleyball players started the European Under-18 Championships brilliantly. After defeating Iceland, the team led by Jacek Nawrocki also coped very well with the much higher ranked Slovenia, not losing a single set in both matches. ""White and black…","Magnum initium pilae Europaeae. Polonorum pulvinar nisl quasi tempestas ruunt. Histriones politiorum incepti Europaei Under-18 Championships praeclare inceperunt. Islandia victa, turma Jacek Nawrocki ductus optime etiam copevit cum Slovenia multo altiori numero, non uno in utroque pare amisso. ""Album et nigrum…","https://sport.interia.pl/siatkowka/reprezentacja-mezczyzn/news-kolejny-triumf-polakow-znakomita-forma-na-starcie-mistrzostw,nId,23511593",https://i.iplsc.com/-/000N0ZVDCE38VR6K-C461.jpg,,W tle zmaga seniorskiej reprezentacji Polski w rozgrywkach Ligi Narodów odbywaj si równie turnieje modzieowe o zasigu midzynarodowym. Zaledwie kilka dni temu witowalimy duy sukces reprezentacji Polsk… [+2719 chars],,2026-07-14 21:29:58+00:00,random,,,
eaa3e3dfbc07c6aaf194d786e13777f7,2026-07-12T20:19:37Z,Thunderstorm,grad,wydarzenia.interia.pl,pl,0.9,"Wir wissen, was das Wetter bringen wird. Uns steht einiges an Aufregung bevor. IMWM teilt in seiner neuesten Prognose mit, dass es am Montag über dem Osten des Landes zu Stürmen kommen wird. „Vorübergehend können sich kleine Sturmhaufen bilden“, lesen wir. Zudem wird es heftig regnen, mancherorts ist sogar Hagel möglich.","Wiadomo, co przyniesie pogoda. Czeka nas niemałe zamieszanie","IMGW informuje w najnowszej prognozie, że w poniedziałek nad wschodnią częścią kraju pojawią się burze. ""Przejściowo mogą tworzyć się niewielkie klastry burzowe"" - czytamy. Spadnie też intensywny deszcz, a miejscami możliwe są nawet opady gradu.","We know what the weather will bring. We're in for quite a stir. IMWM informs in its latest forecast that storms will appear over the eastern part of the country on Monday. ""Small storm clusters may form temporarily,"" we read. There will also be heavy rain, and even hail is possible in some places.","Scimus quid tempestas afferat. In sumus satis turbatio. IMWM in novissima sua praenuntiatione certiores facit procellas in parte orientali patriae die Lunae apparebit. ""Parvi temporis glomerati tempestas formare potest"" legitur. Erit etiam pluvia gravis, et etiam grando in aliquibus locis fieri potest.","https://wydarzenia.interia.pl/kraj/news-wiadomo-co-przyniesie-pogoda-czeka-nas-niemale-zamieszanie,nId,23513244",https://i.iplsc.com/-/000N1F0KSEJLBS31-C461.jpg,,"W skrócie
<ul><li>
W poniedziaek na wschodzie Polski zapowiadane s burze, intensywne opady deszczu i miejscowy grad, a temperatura moe osign 28 stopni Celsjusza.
</li><li>
Najwiksze opady oraz bu… [+2460 chars]",,2026-07-14 21:29:58+00:00,random,,,
530207d2adaf4beac0a2c58c800869d0,2026-07-13T08:57:07Z,Landslide,błoto,wiadomosci.wp.pl,pl,0.9,"„Millionen sind den Bach runter.“ Das Netz donnert nach der Prüfung der Vorzeige-Institution der PiS. Wirtualna Polska erhielt Zugang zu der Prüfung, die das Finanzamt in einer der Vorzeigeinstitutionen aus der Zeit des Rechts und der Gerechtigkeit durchgeführt hat. Es zeigt, dass das Institute for the Heritage of National Thought Millionen vertragswidrig oder zwecklos ausgegeben hat. ""Ja…","""Miliony w błoto"". Sieć grzmi po audycie w sztandarowej instytucji PiS","Wirtualna Polska dotarła do audytu, który Skarbówka przeprowadziła w jednej ze sztandarowych instytucji z czasów rządów Prawa i Sprawiedliwości. Wynika z niego, że Instytut Dziedzictwa Myśli Narodowej wydawał miliony niezgodnie z umowami albo bezcelowo. ""Tak …","""Millions down the drain."" The network thunders after the audit of the flagship PiS institution. Wirtualna Polska obtained access to the audit that the Tax Office conducted in one of the flagship institutions from the times of the rule of Law and Justice. It shows that the Institute for the Heritage of National Thought spent millions contrary to contracts or for no purpose. ""Yes…",""" Ingentis exhaurire."" Retis intonat post computum praetoriae PiS institutum. Wirtualna Polska accessum ad computum impetravit, quod teloneum in una institutionum praetoriae a temporibus iuris et iustitiae administraretur. Ostendit Institutum patrimonii Nationis Cogitationis decies centena milia contra contractuum vel frustra expendisse. ""Etiam…",https://wiadomosci.wp.pl/miliony-w-bloto-siec-grzmi-po-audycie-w-sztandarowej-instytucji-pis-7306982202296736a,https://v.wpimg.pl/NWY5YTlmYTY4Vy9nQxZsI3sPez0FT2J1LBdjdkNcfGNpTW5iXEIoPjVQKzEcAmAwK0ApNRsdYCc1GjgkBUI4ZnZRMCccAS8udlA0NgkJYTY4VjgxXlovemhWO2RBWXc2bxg7Y19VY2M8AmwyVQx3MWwEb3YR,,"<ul><li>Audyt wykaza powane nieprawidowoci w wydatkowaniu 94,09 proc. rodków przez Instytut Dziedzictwa Myli Narodowej.</li><li>Okoo 39,7 mln z wydano na projekty, które nie zostay zrealizowane lub b… [+1821 chars]",,2026-07-14 21:29:58+00:00,random,,,
387b923f953a8bae1a54032f34bfda2b,2026-07-01T07:27:00Z,Heat Wave,fala upałów,spidersweb.pl,pl,0.9,"In Polen wird wieder extreme Hitze herrschen. Es wird eine neue heiße Platte geben. Die neueste amerikanische GFS-Meteorologieprognose kündigt an, dass eine neue Hitzewelle auf Polen zukommt. Es zeigt, dass der im Juni in Słubice aufgestellte Temperaturrekord von 40,5 Grad Celsius gebrochen wird. Es gab auch ein bestimmtes Datum.",Do Polski wróci ekstremalny upał. Będzie nowy rekord gorąca,"Najnowsza amerykańska prognoza meteorologiczna GFS zapowiada, że do Polski nadciąga nowa fala upałów. Wynika z niej, że pobity zostanie rekord temperatury 40,5 stopnia Celsjusza, jaki padł w czerwcu w Słubicach. Padła też konkretna data.",Extreme heat will return to Poland. There will be a new hot record. The latest American GFS meteorological forecast announces that a new heat wave is coming to Poland. It shows that the temperature record of 40.5 degrees Celsius set in June in Słubice will be broken. There was also a specific date.,"Extremus calor in Poloniam redibit. Novum calidum recordum erit. Novissima American GFS praesagio meteorologico nuntiat novum aestum in Poloniam venturum esse. Celsius censum 40,5 graduum mense Iunio in Slubice fractum ostendit. Fuit etiam certas dies.",https://spidersweb.pl/2026/07/prognoza-do-polski-wroci-ekstremalny-upal.html,https://cdn-sw.spidersweb.pl/2026/07/Do-Polski-ma-wrocic-ekstremalny-upal.-Rekord-ciepla-ma-zostac-pobity-termometry-oszaleja.webp,,"Nie otrzsnlimy si jeszcze po rekordowych upaach, jakie nawiedziy Polsk w kocówce czerwca, a na horyzoncie pojawia zapowied kolejnej fali gorca. Nadcigajcy skwar moe pobi rekord krajowy rekord ciepa z… [+3225 chars]",,2026-07-15 03:44:34+00:00,random,,,
b2cc996f0b4438e6a032e37584263041,2026-07-02T10:35:17Z,Heat Wave,upał,antyweb.pl,pl,0.9,"Ventilator gibt es hier nur für ein paar Cent. 70 % günstiger. Wenn Sie nach einer günstigen Möglichkeit suchen, die Hitze zu überstehen, hat Selgros einen Bodenventilator mit einem Preisnachlass von über 70 % für Sie.",Wentylator za grosze tylko tutaj. Taniej o 70%,"Jeśli szukacie taniego sposobu na przetrwanie upałów, Selgros ma dla Was wentylator stojący przeceniony o ponad 70%.","Fan for pennies only here. 70% cheaper. If you are looking for a cheap way to survive the heat, Selgros has a floor fan for you, discounted by over 70%.","Fan pro denariis tantum hic. LXX% vilius. Si vis vilem viam calori superesse, Selgros tibi ventilabrum habet tabulatum, per supra 70% discounted.",https://antyweb.pl/wentylator-za-grosze-tylko-tutaj-taniej-o-70,"https://static.antyweb.pl/img/w_1250,h_550/wp-content/uploads/2026/07/8606528_S.jpg",,"Fala upaów przetoczya si przez kraj, zamieniajc domy Polaków w darmowe sauny. W wielu sklepach brakuje wentylatorów, a gdy ju si pojawiaj, to zazwyczaj w wysokich cenach. Jeli jednak macie w swojej o… [+1289 chars]",,2026-07-15 03:44:34+00:00,random,,,
ee66576557fc3d39b6b61a984670bf0f,2026-07-03T08:49:55Z,Heat Wave,upał,wiadomosci.wp.pl,pl,0.9,"Die Polen strömten in Scharen zu den Fans. Leere Lagerhallen. Durch die Hitzewelle wurden die Kühlgerätelager in ganz Polen schnell geleert. Wie „Fakt“ betont, verschwinden Ventilatoren und Klimaanlagen sowohl aus dem stationären als auch im Online-Handel und ein schneller Nachschub ist aufgrund der spezifischen Anforderungen nicht möglich.",Polacy masowo rzucili się na wentylatory. Pustki w magazynach,"Fala upałów błyskawicznie opróżniła magazyny urządzeń chłodzących w całej Polsce. Jak wskazuje ""Fakt"", wentylatory i klimatyzatory znikają zarówno ze sklepów stacjonarnych, jak i internetowych, a szybkie uzupełnienie braków nie jest możliwe ze względu na spec…","Poles flocked to the fans en masse. Empty warehouses. The heat wave quickly emptied cooling equipment warehouses across Poland. As ""Fakt"" points out, fans and air conditioners are disappearing from both stationary and online stores, and a quick replenishment is not possible due to the specific…","Confluebant Poloni ad fans obuiare. Apothecae vacuae. Fluctus aestus celeriter exinanivit horreis armorum refrigerationibus per Poloniam. Sicut ""Fakt"" indicat, alit condiciones et aerarias ab interitu tam stationariis quam in online thesauris evanescere, et velox excoltio non potest ob specialia…",https://wiadomosci.wp.pl/polacy-masowo-rzucili-sie-na-wentylatory-pustki-w-magazynach-7303445558434144a,https://v.wpimg.pl/NzI5ODYzYRsoVzl3dgFsDmsPbS0wWGJYPBd1ZnZLd0h5TWAiMBYrCCxFIGo-CDsKKEI_aikWYRs5XGAyaFUqEzpFIyUgVSsXK1Ara2wbektwU3ZxdEwoH34Ye3JvHGMYfwZ9aW4bfU17DHdyakMrTWtI,,"Najwaniejsze informacje:
<ul><li>Braki wentylatorów i klimatyzatorów w polskich sklepach to efekt nieprzewidywalnoci fali upaów i wielomiesicznego cyklu zamawiania towaru przez sieci handlowe.</li><… [+1645 chars]",,2026-07-15 03:44:34+00:00,random,,,
12b5e2f518bad4785d70bf1037b76967,2026-07-03T15:26:04Z,Heat Wave,upał,wiadomosci.wp.pl,pl,0.9,"So viel verlangen sie auf dem Markt für Himbeeren. Die Hitze forderte ihren Tribut. Die Himbeerpreise sind in die Höhe geschossen. Obst ist deutlich teurer als vor einem Jahr: Der durchschnittliche Großhandelspreis stieg von 20 PLN auf etwa 28 PLN pro Kilogramm, und einige Chargen kosten bis zu 35 PLN. Die Einzelhandelspreise können Sie überraschen. Laut „Fakt“ war dafür eine „mörderische Hitzewelle“ verantwortlich, die…",Tyle chcą na targu za maliny. Upały zrobiły swoje,"Ceny malin poszybowały. Owoce są wyraźnie droższe niż rok temu: w hurcie średnia cena wzrosła z 20 do ok. 28 zł za kilogram, a niektóre partie kosztują nawet 35 zł. W detalu ceny mogą zadziwić. Jak podaje ""Fakt"", wpływ na to miała ""fala morderczych upałów"", k…","That's how much they want for raspberries at the market. The heat took its toll. Raspberry prices have skyrocketed. Fruit is clearly more expensive than a year ago: the average wholesale price increased from PLN 20 to approximately PLN 28 per kilogram, and some batches cost up to PLN 35. Retail prices may surprise you. According to ""Fakt"", this was caused by a ""murderous heat wave"", which…","Id quantum volunt raspberries in foro. Calor portorium accepit. Raspberry prices have skyrocketed. Fructus plane carior est quam ante annum: pretium luporum mediocris auctum a PLN 20 ad circiter PLN 28 per kilogrammum, et nonnullae batches usque ad PLN 35. Pretia tantum mirari te possunt. Secundum ""Fakt"", haec causa fuit per ""undam caloris mortiferae"", quod...",https://wiadomosci.wp.pl/tyle-chca-na-targu-za-maliny-upaly-zrobily-swoje-7303535796472160a,https://v.wpimg.pl/NWYxNjRlYTY4GjhZfRdsI3tCbAM7TmJ1LFp0SH1dd2VpAGEMOwArJTwIIUQ1HjsnOA8-RCIAYTYpEWEcY0MqPioIIgsrQys6Ox0qRWcPf2BrTnZef1h-YGlVelpkX2M2Oht6R2RUKGI_SXheN1R6Y3sF,,"<ul><li>Na rynku hurtowym w podwarszawskich Broniszach kilogram malin kosztuje obecnie od 30 do 35 z, a rednia cena to ok. 28 z.</li><li>Rok do roku rednia cena malin wzrosa z 20 do 28 z za kilogram,… [+2395 chars]",,2026-07-15 03:44:34+00:00,random,,,
44fbc3d4528a2b92c35f41f11f6635e4,2026-07-04T15:36:10Z,Heat Wave,fala upałów,wiadomosci.wp.pl,pl,0.9,Das Wetter torpediert Trumps Pläne. Die USA haben mit der Hitze zu kämpfen. Eine extreme Hitzewelle im Osten der USA erzwang Änderungen bei den Feierlichkeiten zum Unabhängigkeitstag in Washington. Die America 250 Parade wurde abgesagt und die Great American State Fair beginnt mit einer zweistündigen Verspätung.,Pogoda torpeduje plany Trumpa. USA walczą z upałami,"Ekstremalna fala upałów na wschodzie USA wymusiła zmiany w obchodach Dnia Niepodległości w Waszyngtonie. Parada America 250 została odwołana, a Great American State Fair ruszy z dwugodzinnym opóźnieniem.",The weather torpedoes Trump's plans. The US is struggling with the heat. An extreme heat wave in the eastern US forced changes to Independence Day celebrations in Washington. The America 250 Parade has been canceled and the Great American State Fair will start with a two-hour delay.,Tempestas torpedoes Trump consilia. US cum aestu luctat. Extremus calor fluctus in US orientalis mutationes coactus in Dies Libertatis in celebrationibus Washington. Americae 250 Parade abolita est et Magna Civitas Americana Pulchra in mora duae horae incipiet.,https://wiadomosci.wp.pl/pogoda-torpeduje-plany-trumpa-usa-walcza-z-upalami-7303901157554592a,https://v.wpimg.pl/MWIwOWFlYjYoFTlkaRdvI2tNbT4vTmF1PFV1dWlddGV5D2AxLwAoJSwHIHkhHjgnKAA_eTYAYjY5HmAhd0MpPjoHIzY_Qyg6KxIreH5UdTMrQilmaw59M3BaezR0DmBvKEQqeidZKGYrR3Y2I1grYmsK,,"Najwaniejsze informacje:
<ul><li>Parada America 250, planowana na godz. 10.30 czasu lokalnego w Waszyngtonie, zostaa odwoana z powodu upau.</li><li>Targi Great American State Fair rusz z dwugodzinny… [+1600 chars]",,2026-07-15 03:44:34+00:00,random,,,
2598230ca09d98e3eb5de5b19b04d664,2026-07-05T18:31:47Z,Heat Wave,fala upałów,wiadomosci.wp.pl,pl,0.9,"Eine weitere Hitzewelle in Spanien. Es kam zu Bränden im Land. In Spanien hat die zweite Hitzewelle in diesem Jahr begonnen. In den kommenden Tagen können die Temperaturen 44 Grad Celsius erreichen. Gleichzeitig bekämpfen Feuerwehrleute im Norden des Landes Brände, die jedes Jahr Tausende Hektar Land zerstören.",Kolejna fala upałów w Hiszpanii. W kraju doszło do pożarów,"W Hiszpanii rozpoczęła się druga w tym roku fala upałów. W najbliższych dniach temperatury mogą dochodzić do 44 stopni Celsjusza. Jednocześnie na północy kraju strażacy walczą z pożarami, które co roku niszczą tysiące hektarów terenów.","Another heatwave in Spain. There were fires in the country. The second heat wave this year has begun in Spain. In the coming days, temperatures may reach 44 degrees Celsius. At the same time, in the north of the country, firefighters fight fires that destroy thousands of hectares of land every year.","Alius aestus in Hispania. Ignes erant in patria. Secundus aestus eo anno in Hispania incepit. In diebus venientibus, temperaturas 44 gradus Celsius attingere possunt. Eodem tempore, in septentrionali regione, pugnatores ignes pugnant qui mille hectares terrae quotannis destruunt.",https://wiadomosci.wp.pl/kolejna-fala-upalow-w-hiszpanii-w-kraju-doszlo-do-pozarow-7304298685798816a,https://v.wpimg.pl/ZGQ0OTE0dSYwUjlnakt4M3MKbT0sEnZlJBJ1dmoBY3VhSGAyLFw_NTRAIHoiQi83MEc_ejVcdSYhWWAidB8-LiJAIzU8Hz8qM1Ure3FTbHQ0Uy5naFY8dDQdezchBHclaAAueSNSOyM1BHZlcVNrcnNN,,Pastwowa agencja meteorologiczna AEMET poinformowaa w niedziel o pomaraczowym alercie pogodowym w wikszoci wspólnot autonomicznych Hiszpanii w cigu najbliszych dni. We wtorek czerwonym alertem objte … [+1083 chars],,2026-07-15 03:44:34+00:00,random,,,
fb02b851055a2b30fd061dcbfc0e1b72,2026-07-11T05:01:31Z,Heat Wave,upał,wiadomosci.wp.pl,pl,0.9,"Extreme Hitze in Portugal. Die Dienste meldeten eine dramatische Zahl an Todesopfern. In der ersten Juliwoche führten hohe Temperaturen in Portugal zum Tod von über 200 Menschen, hauptsächlich Senioren. Von der Hitzewelle waren insbesondere die Regionen Minho und Alentejo betroffen.",Ekstremalne upały w Portugalii. Służby podały dramatyczny bilans ofiar,"W pierwszym tygodniu lipca wysoka temperatura w Portugalii przyczyniła się do śmierci ponad 200 osób, głównie seniorów. Fala upałów szczególnie dotknęła regiony Minho i Alentejo.","Extreme heat in Portugal. The services reported a dramatic death toll. In the first week of July, high temperatures in Portugal contributed to the death of over 200 people, mainly seniors. The heat wave particularly affected the Minho and Alentejo regions.","Extremi caloris in Lusitania. Officia nuntiaverunt vectigal mortem scenicam. Prima septimana mensis Iulii, altae temperaturae in Portugallia ad mortem plus quam centum homines, maxime maiores, contulerunt. Fluctus aestus praecipue regiones Minio et Alentejo afficiebat.",https://wiadomosci.wp.pl/ekstremalne-upaly-w-portugalii-sluzby-podaly-dramatyczny-bilans-ofiar-7306220529240480a,https://v.wpimg.pl/OWVmYjhkYDY3Dy9ZRxBtI3RXewMBSWN1I09jSEdafWNmFW5cWEQpPjoIKw8YBGEwJBgpCx8bYSc6QjgaAUQ5ZnkJMBkYBy4ueQg0CA0PYDJvCTpdWVMpemNVOAlFXykxYEA7W1wJYmQ0CWAPDgl3MzQLbUgV,,"Sprawd prognoz pogody dla swojego regionu na POGODA.WP.PL
<ul><li>W pierwszym tygodniu lipca w Portugalii odnotowano ponad 200 zgonów zwizanych z upaami.</li><li>Liczba zgonów w tym okresie bya o 26… [+1651 chars]",,2026-07-15 03:44:34+00:00,random,,,
f5f73c4b049ffbd58c260a1c151face9,2026-07-01T20:39:01Z,Storm,burza,natemat.pl,pl,0.9,"Halb Polen fragt nervös, wo der Sturm ist. RCB-Warnungen waren es nicht wert, heruntergespielt zu werden. Die Hitze, die uns mehrere Tage lang geplagt hatte, ließ endlich nach, doch an ihre Stelle traten gefährliche Stürme. Wir geben an, was derzeit über die Wettermeldungen in Polen bekannt ist.","Pół Polski nerwowo pyta, gdzie jest burza. Alertów RCB nie warto było bagatelizować","Nękające nas od kilku dni upały w końcu odpuściły, jednak na ich miejscu pojawiły się groźne burze. Wskazujemy, co na ten moment wiadomo o przetaczających się przez Polskę pogodowych rewelacjach.","Half of Poland nervously asks where the storm is. RCB alerts were not worth downplaying. The heat that had been bothering us for several days finally subsided, but in its place came dangerous storms. We indicate what is currently known about the weather revelations sweeping through Poland.","Media Polonia timide quaerit ubi tempestas sit. RCB summis montibus non valet downplaying. Calor, qui nos per aliquot dies vexatus fuerat, tandem conquievit, sed in eius locum tempestates periculosae sunt. Nunc notum est quid de revelationibus tempestatum per Poloniam vergentibus indicamus.","https://natemat.pl/659392,pol-polski-nerwowo-pyta-gdzie-jest-burza-alertow-rcb-nie-warto-bylo-bagatelizowac",https://m.natemat.pl/burze-strazacy-ulewy-deszcz-7gm4e1rn-1920x1080x0x0.webp,,"Nkajce nas od kilku dni upay w kocu odpuciy, jednak na ich miejscu pojawiy si grone burze. Wskazujemy, co na ten moment wiadomo o przetaczajcych si przez Polsk pogodowych rewelacjach.
Alerty o niebe… [+3380 chars]",,2026-07-15 11:57:10+00:00,random,,,
4bc41b38b7928f5ef95fe71e05bf558a,2026-07-08T10:02:08Z,Heat Wave,fala upałów województwo lubelskie powiat kraśnicki,antyweb.pl,pl,0.3,"Die Karibik ist so schön wie eh und je. Assassin's Creed Black Flag: Resynced begeistert mit neuen Features. Ubisfot zu loben stand für 2026 nicht auf meinem Bingo, aber es kann nicht anders sein. Es wurde viel Arbeit in Assassin's Creed Black Flag: Resynced gesteckt.",Karaiby piękne jak nigdy. Assassin's Creed Black Flag: Resynced zachwyca nowościami,"Chwalenia Ubisfotu nie było w moim bingo na 2026 rok, ale nie może być inaczej. W Assassin's Creed Black Flag: Resynced włożono mnóstwo pracy.","The Caribbean is as beautiful as ever. Assassin's Creed Black Flag: Resynced delights with new features. Praising Ubisfot wasn't on my bingo for 2026, but it can't be otherwise. A lot of work has gone into Assassin's Creed Black Flag: Resynced.","Caribbeus tam pulcher est quam semper. Assassin's Symbolum Vexillum Nigrum: Resynced delectat novis lineamentis. Ubisfot laus mea bingo pro 2026 non fuit, sed aliter fieri non potest. Multum laboris abiit in Symbolum Assassin's Vexillum Nigrum: Resynced.",https://antyweb.pl/karaiby-piekne-jak-nigdy-assassins-creed-black-flag-resynced-zachwyca-nowosciami,"https://static.antyweb.pl/img/w_1250,h_550/wp-content/uploads/2026/07/black-flag.jpg",,"Nie przepadam za remake'ami ani remasterami, bo wychodz z zaoenia, e powrót do gry po latach nawet jeli zostaa gruntownie odnowiona nie dostarczy ju tych samych emocji. W przypadku Assassin's Creed B… [+10444 chars]",,2026-07-16 03:47:05+00:00,wmo,Poland,WCE,Europe
b62c1d60e0c4b9b5074133384229dfd3,2026-07-10T02:22:00Z,Snow Avalanche,lawina,kobieta.gazeta.pl,pl,0.3,"Kakerlaken hassen diese Zutat. Kombinieren Sie es einfach mit Zwiebeln. Kakerlaken können sogar in einem sehr sauberen Haus auftauchen, insbesondere im Sommer, wenn hohe Temperaturen und Luftfeuchtigkeit ihre Fortpflanzung begünstigen. Viele Menschen suchen dann nach Hausmitteln, die helfen, das Problem zu lindern, ohne starke Chemikalien zu verwenden.",Karaluchy nie znoszą tego składnika. Wystarczy połączyć go z cebulą,"Karaluchy potrafią pojawić się nawet w bardzo czystym domu, zwłaszcza latem, gdy wysokie temperatury i wilgoć sprzyjają ich rozmnażaniu. Wiele osób szuka wtedy domowych sposobów, które pozwolą ograniczyć problem bez sięgania po silne środki chemiczne.","Cockroaches hate this ingredient. Just combine it with onion. Cockroaches can appear even in a very clean house, especially in summer, when high temperatures and humidity favor their reproduction. Many people then look for home remedies that will help reduce the problem without using strong chemicals.","Blattae odiunt hoc medicamentum. Mox miscere cum cepa. Cockroaches etiam in domo mundissima apparere possunt, praesertim aestate, cum altae temperaturae et humiditas reproductioni favent. Multi homines tunc remedia domi quaerunt quae problema reducere iuvabit sine oeconomiae validis adhibitis.","https://kobieta.gazeta.pl/dom-i-ogrod/7,197733,32901674,karaluchy-nie-znosza-tego-skladnika-wystarczy-polaczyc-go-z.html",https://bi.im-g.pl/im/3a/5d/1f/z32888378IER.jpg,,"Lato to czas, kiedy owady stają się znacznie bardziej aktywne. Karaluchy szukają w domach schronienia, dostępu do wody i resztek jedzenia, dlatego mogą pojawić się nawet tam, gdzie regularnie się spr… [+2965 chars]",,2026-07-16 03:47:05+00:00,random,,,
da3b97c7cfa0eb3564951bf6be01ab40,2026-07-10T04:30:02Z,Iceberg,góra lodowa a81,natemat.pl,pl,0.3,"Tusks Taktik in Bezug auf Skandale ist klar und sehr zynisch. Es kann sein, dass es falsch berechnet wurde. Die Regierung von Donald Tusk hat im Gesundheitssystem mehrere Pflaster zum Anbringen auf einer offenen Wunde vorgeschlagen. Die Ankündigungen von Ministerin Jolanta Sobierańska-Grenda sind vor allem eine Reaktion auf spätere Skandale rund um Krankenhäuser, Ärzte und privilegierte Politiker. …",Taktyka Tuska ws. afer jest jasna i bardzo cyniczna. Może się przeliczyć,"Rząd Donalda Tuska zaproponował w systemie ochrony zdrowia kilka plastrów do położenia na otwartą ranę. Zapowiedzi minister Jolanty Sobierańskiej-Grendy są głównie reakcją na kolejne skandale wybuchające wokół szpitali, lekarzy i uprzywilejowanych polityków. …","Tusk's tactics regarding scandals are clear and very cynical. It may be miscalculated. Donald Tusk's government has proposed several plasters to be placed on an open wound in the health care system. Minister Jolanta Sobierańska-Grenda's announcements are mainly a reaction to subsequent scandals breaking out around hospitals, doctors and privileged politicians. …","Ratio tusk circa scandala perspicua sunt et valde canina. Non potest computari. Regimen Donald Tusk proposuit plura emplastra in aperto vulnere in systemate sanitatis collocanda. Ministri denuntiationes Jolanta Sobierańska-Grenda maxime reactionem sunt ad scandala subsequentium circa nosocomia, doctores et politicos privilegiatos erumpentes. ...","https://natemat.pl/660301,taktyka-tuska-ws-afer-jest-jasna-i-bardzo-cyniczna-moze-sie-przeliczyc",https://m.natemat.pl/donald-tusk-i-maciej-bak-dubtjqfx-1920x1080x0x0.webp,,Rzd Donalda Tuska zaproponowa w systemie ochrony zdrowia kilka plastrów do pooenia na otwart ran. Zapowiedzi minister Jolanty Sobieraskiej-Grendy s gównie reakcj na kolejne skandale wybuchajce wokó s… [+5005 chars],,2026-07-16 03:47:05+00:00,eonet,Antarctica,EAN,Antarctica
105c146ae5d877db37da9c114602839b,2026-07-05T11:57:07Z,Heat Wave,upał,natemat.pl,pl,0.9,"Das Wetter könnte uns wieder überraschen. Ein Superzellensturm und ein Tornado sind bereits im Anmarsch. Dank des Regens und der Abkühlung können wir uns derzeit vorübergehend von der Hitze erholen, die uns in den letzten Tagen geplagt hat. Doch es stellt sich heraus, dass die Wettervorhersage bereits weitere Enthüllungen vorbereitet, darunter Sturm-Superzellen und sogar Tornados.",Pogoda znów może nas zaskoczyć. Superkomórka burzowa i trąba powietrzna już nadchodzą,"Aktualnie dzięki deszczowi i ochłodzeniu możemy chwilowo odpocząć od nękających nas w ostatnich dniach upałów. Ale okazuje się, ze prognoza pogody szykuje jednak już kolejne rewelacje, w tym superkomórki burzowe, a nawet i trąby powietrzne.","The weather may surprise us again. A supercell storm and tornado are already approaching. Currently, thanks to the rain and cooling, we can temporarily rest from the heat that has been plaguing us in recent days. But it turns out that the weather forecast is already preparing further revelations, including storm supercells and even tornadoes.","Tempestas rursus nos opprimat. Tempestas supercellorum et turbo iam appropinquant. Nunc, propter pluviam et refrigerationem, ab ardore qui nos proximis diebus pestilentia temporaliter quiescere possumus. Sed evenit ut tempestas praenuntietur iam revelationes ulteriores parat, etiam tempestates supercellas et etiam turbines.","https://natemat.pl/659725,pogoda-znow-moze-nas-zaskoczyc-superkomorka-burzowa-i-traba-powietrzna-juz-nadchodza",https://m.natemat.pl/burza-blyskawica-superkomorka-burzowa-7eoglc5z-1920x1080x0x0.webp,,"Aktualnie dziki deszczowi i ochodzeniu moemy chwilowo odpocz od nkajcych nas w ostatnich dniach upaów. Ale okazuje si, ze prognoza pogody szykuje jednak ju kolejne rewelacje, w tym superkomórki burzo… [+2850 chars]",,2026-07-16 11:58:55+00:00,random,,,
81be4881b609485f7cdf0eee1bfdfd2e,2026-07-06T08:33:53Z,Drought,susza w polsce,wiadomosci.wp.pl,pl,0.7,Die hydrologische Dürre schreitet voran. Warnungen in fast der Hälfte des Landes. Die hydrologische Dürre in Polen verschärft sich weiter und IMWM-Warnungen bedecken bereits etwa die Hälfte des Landes.,Susza hydrologiczna postępuje. Ostrzeżenia w niemal połowie kraju,"Susza hydrologiczna w Polsce nadal się nasila, a ostrzeżenia IMGW obejmują już ok. połowę kraju.","Hydrological drought is progressing. Warnings in almost half of the country. Hydrological drought in Poland continues to intensify, and IMWM warnings already cover approximately half of the country.","Siccitas hydroologica progreditur. Admonitiones in media fere regione. Siccitas hydroologica in Polonia augere pergit, et IMWM monita iam circiter dimidium terrae tegunt.",https://wiadomosci.wp.pl/susza-hydrologiczna-postepuje-ostrzezenia-w-niemal-polowie-kraju-7304501468572064a,https://v.wpimg.pl/ZWJiOWRldTYrCzlkfRd4I2hTbT47TnZ1P0t1dX1dY2V6EWAxOwA_JS8ZIHk1Hi8nKx4_eSIAdTY6AGAhY0M-PjkZIzYrQz86KAwreGZYajFyDypmfwg8YHNEe2JlCHc1ew18emRUYjIoC3YzN19qYmgU,,"<ul><li>IMGW informuje, e susza hydrologiczna postpuje, a obszar ostrzee obejmuje ok. poow Polski.</li><li>Instytut wyda nowe ostrzeenia m.in. dla wybranych odcinków Wisy i Odry oraz dla zlewni kilku… [+1212 chars]",,2026-07-16 16:48:46+00:00,edo,Poland,WCE,Europe
b3cfd9f5443e6abeb9bc0b1cf210ff4c,2026-07-06T09:07:11Z,Drought,susza w polsce,www.bankier.pl,pl,0.7,"Dürre beeinträchtigt mehr Ernten. Das Problem liegt bereits bei über 60 Prozent. Gemeinden in Polen. Das Ausmaß der Dürre nimmt zu – teilte das Institut für Anbau, Düngung und Bodenkunde mit.",Susza uderza w kolejne uprawy. Problem już w ponad 60 proc. gmin w Polsce,Zasięg suszy powiększa się - poinformował Instytut Uprawy Nawożenia i Gleboznawstwa.,"Drought affects more crops. The problem is already over 60 percent. municipalities in Poland. The extent of drought is increasing - informed the Institute of Cultivation, Fertilization and Soil Science.","Siccitas magis segetes afficit. Quaestio iam super LX percent. municipia in Polonia. Ambitus siccitatis increscit - informavit Institutum Culturae, Fecunditatis et Scientiae Solae.",https://www.bankier.pl/wiadomosc/Susza-uderza-w-kolejne-uprawy-Problem-juz-w-ponad-60-proc-gmin-w-Polsce-9163970.html,https://galeria.bankier.pl/p/1/1/aec565f62223ce-948-568-0-120-4000-2399.jpg,,"Zasig suszy powiksza si - poinformowa Instytut Uprawy Nawoenia i Gleboznawstwa.
fot. encierro / / Shutterstock
IUNG stwierdzi wystpowanie zagroenia susz rolnicz dla kolejnych upraw tj. tytoniu oraz… [+1346 chars]",,2026-07-16 16:48:46+00:00,edo,Poland,WCE,Europe
de5849cae3daaaabf8e76f34e432a557,2026-07-03T12:00:06Z,Heat Wave,upał,businessinsider.com.pl,pl,0.9,"Geschäft und Geld: Treibstoff wird teurer, die Inflation sinkt, die Hitze schadet unserem Geldbeutel. Die Wirtschaft geht in den Sommer. Das Ende des Kraftstoffschutzes ist zu einem Zeitpunkt gekommen, den die Regierung vielleicht für günstig hält, aber die Autofahrer werden es immer noch an den Zapfsäulen spüren. In der neuesten Folge des Business Insider-Podcasts „Business and Money“ sprechen Bartek Godusławski und Grzegorz Kowalczyk über Preise...","Biznes i Pieniądze: paliwo drożeje, inflacja spada, upały biją w portfele. Gospodarka wchodzi w lato","Koniec paliwowej tarczy przyszedł w momencie, który rząd może uznać za wygodny, ale kierowcy i tak odczują go przy dystrybutorach. W najnowszym odcinku podcastu Business Insidera ""Biznes i Pieniądze"" Bartek Godusławski i Grzegorz Kowalczyk rozmawiają o cenach…","Business and Money: fuel is becoming more expensive, inflation is falling, the heat is hurting our wallets. The economy is entering summer. The end of the fuel shield has come at a time that the government may consider convenient, but drivers will still feel it at the pumps. In the latest episode of Business Insider's podcast ""Business and Money"", Bartek Godusławski and Grzegorz Kowalczyk talk about prices...","Negotia et Pecunia: cibus carior fit, inflatio cadit, calor vidulis nocet. Oeconomia aestate intrat. Clypeus cibus finis tunc venit ut regimen opportunum consideret, sed rectores in soleatus adhuc sentient. Novissimo episodio Negotiationis Insidi podcast ""Negotii et Pecuniae"", Bartek Godusławski et Grzegorz Kowalczyk de pretiis loquuntur ...",https://businessinsider.com.pl/gospodarka/gospodarka-wchodzi-w-lato-paliwo-drozeje-inflacja-spada-upaly-bija-w-portfele/2heme2g,https://ocdn.eu/pulscms-transforms/1/Bw-k9kpTURBXy9lMzVjNTQ5NzRkMTA2ODM3ZGJhOGZjNTYyYzkzNmY2Ni5wbmeSlQMAAM0HgM0EOJMFzQSwzQJ23gABoTAB,,"Jednym z gównych tematów audycji by koniec pakietu osonowego przy paliwach i powrót wyszej stawki VAT. Bartek Godusawski zwraca uwag, e z punktu widzenia rzdu moment wygaszenia wsparcia by korzystny:… [+13630 chars]",,2026-07-16 16:48:46+00:00,random,,,
4045c2449e4483c9e322a44bd3c0f12d,2026-07-05T18:13:24Z,Heat Wave,fala upałów,wydarzenia.interia.pl,pl,0.9,"Extreme Temperaturen sind zurück. Brände und Evakuierungen in Westeuropa. Die dritte Hitzewelle des Jahres nähert sich Frankreich, wo Hitze, Dürre und starke Winde zu weiteren Bränden und zur Evakuierung Tausender Einwohner führen. Ebenso gefährlich ist die Situation in Spanien, wo in einem Teil des Landes Alarmstufe Rot gelten soll und die Temperaturen auf … steigen können.",Ekstremalne temperatury wracają. Pożary i ewakuacje na zachodzie Europy,"Trzecia w tym roku fala upałów nadciąga nad Francję, gdzie żar, susza i silny wiatr napędzają kolejne pożary oraz ewakuacje tysięcy mieszkańców. Równie groźnie jest w Hiszpanii, gdzie w części kraju ma obowiązywać czerwony alert, a temperatury mogą sięgnąć na…","Extreme temperatures are back. Fires and evacuations in Western Europe. The third heat wave of the year is approaching France, where heat, drought and strong winds are fueling further fires and the evacuation of thousands of residents. The situation is equally dangerous in Spain, where a red alert is to be in force in part of the country and temperatures may reach…","Temperaturae extremae sunt retro. Incendia et purgationes in Europa occidentali. Tertius calor fluctus anni Franciam appropinquat, ubi aestus, siccitas et ventos validi amplius incendia et euacuatio milia incolarum nutriunt. Res aeque periculosa est in Hispania, ubi rubens vigilare debet in parte regionis et temperaturae...","https://wydarzenia.interia.pl/zagranica/news-ekstremalne-temperatury-wracaja-pozary-i-ewakuacje-na-zachod,nId,23509905",https://i.iplsc.com/-/000N0D34APRO5P5I-C461.jpg,,"W skrócie
<ul><li>
Nad Francj nadciga trzecia fala upaów w tym roku, co prowadzi do suszy, kolejnych poarów i ewakuacji tysicy mieszkaców.
</li><li>
We Francji pomaraczowy alert wprowadzono dla 1… [+3799 chars]",,2026-07-16 16:48:46+00:00,random,,,
32a59c2fd3769a2a321ad27403a19e80,2026-07-14T04:58:55Z,Precipitation,burza,wiadomosci.wp.pl,pl,0.9,"Windböen bis zu 115 km/h. IMWM gibt Warnungen aus. Am Montag gaben das Institut für Meteorologie und Wasserwirtschaft und das Regierungszentrum für Sicherheit für acht Woiwodschaften im Osten des Landes Warnungen der Stufen I und II vor Stürmen, starkem Regen und Wind heraus. Die Warnungen bleiben auch am Dienstag in Kraft. IN…",Porywy wiatru nawet do 115 km/h. IMGW wydaje ostrzeżenia,"Instytut Meteorologii i Gospodarki Wodnej oraz Rządowe Centrum Bezpieczeństwa wydały w poniedziałek ostrzeżenia I i II stopnia przed burzami, silnym deszczem i wiatrem dla ośmiu województw we wschodniej części kraju. Alerty pozostają w mocy także we wtorek. W…","Wind gusts up to 115 km/h. IMWM issues warnings. On Monday, the Institute of Meteorology and Water Management and the Government Center for Security issued level I and II warnings about storms, heavy rain and wind for eight voivodeships in the eastern part of the country. The alerts remain in force on Tuesday. IN…","Ventus procellis usque ad 115 km/h. IMWM constitutiones admonitiones. Die Lunae, Institutum Meteorologicum et Procuratio Aquarum et Gubernatio Centrum Securitatis gradu I et II monita de procellis, gravibus pluvia et vento, pro octo voivodaeis in regione orientali. In summis montibus vigere die Martis. IN…",https://wiadomosci.wp.pl/porywy-wiatru-nawet-do-115-km-h-imgw-wydaje-ostrzezenia-7307279705462784a,https://v.wpimg.pl/ZDZiMDJjdSU7Czt3ZRF4MHhTby0jSHZmL0t3ZmVbaHBqEXpyekU8LTYMPyE6BXQjKBw9JT0adDQ2Riw0I0UsdXUNJDc6Bjs9dQwgJi8OdXFoUSl0eF45aTxZfiJnXmpyaUQsd35cd3dvCilyKFpoJzgMfmY3,,"Sprawd prognoz pogody dla swojego regionu na POGODA.WP.PL.
<ul><li>Instytut Meteorologii i Gospodarki Wodnej wyda ostrzeenia I i II stopnia przed burzami i intensywnym deszczem dla omiu województw.<… [+2134 chars]",,2026-07-18 21:13:10+00:00,random,,,
74c7cd0db20251dce76dd61eaf687f65,2026-07-09T18:47:01Z,Heat Wave,upał,wiadomosci.wp.pl,pl,0.9,"Höllische Hitze wird Polen treffen. Thermometer zeigen über 30 Grad Celsius an. Vor uns liegt eine gewaltige, einschneidende Erwärmung, die das Gesicht des polnischen Sommers völlig verändern wird. Die neuesten numerischen Modelle lassen keinen Zweifel: Nach Tagen mit gemäßigten Temperaturen erwartet uns in der zweiten Julihälfte eine echte Hitzewelle. Tropische Sprache…",Piekielny żar uderzy w Polskę. Termometry pokażą ponad 30 st. C,"Przed nami potężne, uderzeniowe ocieplenie, które całkowicie odmieni oblicze polskiego lata. Najnowsze modele numeryczne nie pozostawiają złudzeń: po dniach umiarkowanych temperatur, w drugiej połowie lipca czeka nas prawdziwa fala upałów. Jęzor zwrotnikowego…","Hellish heat will hit Poland. Thermometers will show over 30 degrees Celsius. Ahead of us is a powerful, impactful warming that will completely change the face of the Polish summer. The latest numerical models leave no doubts: after days of moderate temperatures, a real heat wave awaits us in the second half of July. Tropical language…","Infernus calor Poloniam feriet. Thermometri super 30 gradus Celsius monstrabunt. Ante nos est potens, calefactio impactful, quae faciem Polonica aestatis omnino mutabit. Novissima exemplaria numeralia nulla dubia relinquunt: post dies temperaturas moderatas, verus calor fluctus nos in secundo dimidium Iulii manet. Lingua tropica…",https://wiadomosci.wp.pl/piekielny-zar-uderzy-w-polske-termometry-pokaza-ponad-30-st-c-7305711100369312a,https://v.wpimg.pl/YmE3YjhhdgwkUS9ZRxN7GWcJewMBSnVPMBFjSEdZa1l1S25cWEc_BClWKw8YB3cKN0YpCx8Ydx0pHDgaAUcvXGpXMBkYBDgUalY0CA0MdlskAW4JDV86QCdRbAtFXD1bJx47U19adF18UDsLXwphDCELO0gV,,"Sprawd prognoz pogody dla swojego regionu na POGODA.WP.PL
Pierwsze wyrane symptomy nadchodzcej rewolucji termicznej odczujemy ju we wtorek, 14 lipca. To wanie wtedy zachodnia granica kraju dostanie … [+4624 chars]",,2026-07-19 04:03:41+00:00,random,,,
5237a0b2d03bd7ea8f8acb3478a67661,2026-07-01T19:08:06Z,Heat Wave,upał,natemat.pl,pl,0.9,"IMWM prognostizierte die Wettervorhersage für anderthalb Monate. es gibt Atmung, aber alles andere als normal. Nach einer Rekordhitzewelle, bei der in Polen ein neuer Temperaturrekord gebrochen wurde, steht das Land vor einem deutlichen Wetterumschwung. Meteorologen sagen kältere Tage, lokal heftige Stürme und starke Winde voraus, aber langfristige IMWM-Modelle sagen voraus, dass der Sommer 2026…","IMGW rozpisał pogodę na półtora miesiąca. jest oddech, ale od normy daleko","Po rekordowej fali upałów, podczas której padł nowy rekord temperatury w Polsce, kraj czeka wyraźna zmiana pogody. Synoptycy prognozują chłodniejsze dni, lokalnie gwałtowne burze i silny wiatr, jednak długoterminowe modele IMGW przewidują, że lato 2026 może b…","IMWM forecast the weather forecast for a month and a half. there is breathing, but far from normal. After a record heat wave, during which a new temperature record was broken in Poland, the country is facing a significant change in weather. Forecasters predict colder days, locally violent storms and strong winds, but long-term IMWM models predict that summer 2026 may be…","IMWM tempestatem praecognoscendum est pro mense et dimidio. spiritus est, sed procul a normalis. Post recordum fluctus aestus, quo novum recordum temperaturae in Polonia fractum est, regio notabilis mutatio tempestatum est. Weatherers dies frigidiores praedicunt, localiter tempestates violentas et ventos validos, sed longum tempus IMWM exempla aestatis 2026 esse praedicunt.","https://natemat.pl/659386,imgw-rozpisal-pogode-na-poltora-miesiaca-jest-oddech-ale-od-normy-daleko",https://m.natemat.pl/mapa-temperatury-w-polsce-2m5t1o9d-1920x1080x0x0.webp,,"Rekordowe upay, gwatowne burze i nage ochodzenie pogoda w Polsce wchodzi w now faz. Cho po fali gorca temperatury wyranie spadn, najnowsze prognozy IMGW wskazuj, e lato nadal moe przynosi wartoci wys… [+3818 chars]",,2026-07-19 07:39:49+00:00,random,,,
7c97668eebf8c474232d317580c164e9,2026-07-01T21:31:01Z,Heat Wave,fala upałów,natemat.pl,pl,0.9,"„Polen, wie kommt ihr zurecht?“ Eine Amerikanerin schockiert über die Hitze in Polen. Die anhaltende Hitzewelle trifft nicht nur Polen, sondern auch Touristen, die unser Land besuchen. Die amerikanische Tiktokerin teilte ihre Eindrücke nach ihrem Aufenthalt in Polen auf ihrem Social-Media-Profil. Eines überraschte sie besonders.","""Polacy, jak wy dajecie radę?"". Amerykanka zszokowana upałami w Polsce","Trwająca fala upałów dała popalić nie tylko Polakom, lecz również turystom odwiedzającym nasz kraj. Amerykańska tiktokerka podzieliła się na swoim profilu w mediach społecznosciowych wrażeniami po pobycie w Polsce. Jedna rzecz szczególnie ją zaskoczyła.","""Poles, how do you cope?"" An American woman shocked by the heat in Poland. The ongoing heatwave has hit not only Poles, but also tourists visiting our country. The American tiktoker shared her impressions after her stay in Poland on her social media profile. One thing in particular surprised her.","""Polones, quomodo toleras?"" An femina Americana aestu in Polonia perculsa sit. Perennis aestus non solum Polonos, sed etiam peregrinatores patriam nostram invisit. Americanus tiktoker suas impressiones communicavit post moram in Polonia in profile instrumentorum socialium eius. Illud maxime miratur.","https://natemat.pl/659314,polacy-jak-wy-dajecie-rade-amerykanka-zszokowana-upalami-w-polsce",https://m.natemat.pl/amerykanka-zszokowana-brakiem-klimatyzacji-w-polsce-vo1gmd5k-1920x1080x0x0.webp,,"Trwajca fala upaów daa popali nie tylko Polakom, lecz równie turystom odwiedzajcym nasz kraj. Amerykaska tiktokerka podzielia si na swoim profilu w mediach spoecznosciowych wraeniami po pobycie w Pol… [+2285 chars]",,2026-07-19 07:39:49+00:00,random,,,
65c7d19d66d4c9c6ab651a3f6548e6d1,2026-07-03T19:37:02Z,Heat Wave,fala upałów,natemat.pl,pl,0.9,"Neue Wettervorhersage und wieder bis zu 40 Grad in Polen. Es ist nur eine Frage von Tagen. Eine rekordverdächtige Hitzewelle liegt hinter uns, und obwohl wir jetzt die kühlere Luft einatmen können, wird die Atempause nicht lange anhalten. Langfristige Prognosen lassen keinen Zweifel: Meteorologen sehen auf den Karten bereits die Rückkehr extremer Hitze nach Europa. Wenn die neueste Prognose…",Nowa prognoza pogody i znów do 40 stopni w Polsce. To już tylko kwestia dni,"Za nami rekordowa fala upałów i choć teraz możemy odetchnąć w chłodniejszym powietrzu, to wytchnienie nie potrwa długo. Prognozy długoterminowe nie pozostawiają złudzeń: synoptycy już widzą na mapach powrót ekstremalnego żaru do Europy. Jeśli najnowsze progno…","New weather forecast and up to 40 degrees in Poland again. It's only a matter of days. A record-breaking heat wave is behind us, and although we can now breathe in the cooler air, the respite will not last long. Long-term forecasts leave no doubt: forecasters already see the return of extreme heat to Europe on the maps. If the latest forecast…","Nova tempestas prospicere et usque ad 40 gradus in Polonia revertitur. Dies tantum est materia. Fluctuat aestus recordatio post nos est, et licet nunc in aere frigidiore respirare possimus, non diuturna quies erit. Diuturnum tempus praenoscere non dubium est: forecasters iam videre reditus calidissimi ad Europam in tabulis geographicis. Si tardus praenuntientur…","https://natemat.pl/659536,nowa-prognoza-pogody-i-znow-do-40-stopni-w-polsce-to-juz-tylko-kwestia-dni",https://m.natemat.pl/hyd81wcj-1920x1080x0x0.webp,,"Za nami rekordowa fala upaów i cho teraz moemy odetchn w chodniejszym powietrzu, to wytchnienie nie potrwa dugo. Prognozy dugoterminowe nie pozostawiaj zudze: synoptycy ju widz na mapach powrót ekstr… [+3449 chars]",,2026-07-19 07:39:49+00:00,random,,,
32985da04c426c06866c3b777fb16eaa,2026-07-06T11:34:01Z,Heat Wave,fala upałów w polsce,natemat.pl,pl,0.9,"Seien Sie wie ein Wikinger, waschen Sie sich in der Ostsee. Das ist kein Scherz, sondern ein echter Appell der Behörden. Die Ferienzeit ist in vollem Gange und die erste Hitzewelle liegt hinter uns. Obwohl es in Polen in den letzten Tagen geregnet hat, ist dies nicht in allen baltischen Ländern der Fall. Besonders schwierig ist die Situation in Schweden, wo Touristen zum Waschen in der Ostsee ermutigt werden.","Bądź jak wiking, umyj się w Bałtyku. To nie żart, a prawdziwy apel władz","Sezon wakacyjny w pełni, a pierwsza fala upałów za nami. Choć w Polsce w ostatnich dniach zrobiło się deszczowo, to nie we wszystkich krajach bałtyckich tak to wygląda. Trudna sytuacja panuje zwłaszcza w Szwecji, gdzie turystów zachęca się do mycia w Bałtyku.","Be like a Viking, wash yourself in the Baltic Sea. This is not a joke, but a real appeal from the authorities. The holiday season is in full swing and the first heat wave is behind us. Although it has been rainy in Poland in recent days, this is not the case in all the Baltic countries. The situation is particularly difficult in Sweden, where tourists are encouraged to wash in the Baltic Sea.","Esto ut Vikingi, te lava in Mare Balthico. Hoc non est iocus, sed verus appellatio apud auctores. Dies festus est in plena adductius et primus calor fluctus post nos est. Etsi his diebus pluvium in Polonia fuit, hoc non fit in omnibus regionibus Balticis. Res difficilior est in Suecia, ubi peregrinatores ad lavandum in Mare Balthicum incitantur.","https://natemat.pl/659800,badz-jak-wiking-umyj-sie-w-baltyku-to-nie-zart-a-prawdziwy-apel-wladz",https://m.natemat.pl/szwedzi-zachecaja-do-mycia-sie-w-baltyku-jki0b3cc-1920x1080x0x0.webp,,"Sezon wakacyjny w peni, a pierwsza fala upaów za nami. Cho w Polsce w ostatnich dniach zrobio si deszczowo, to nie we wszystkich krajach batyckich tak to wyglda. Trudna sytuacja panuje zwaszcza w Szw… [+2356 chars]",,2026-07-19 07:39:49+00:00,wmo,Poland,WCE,Europe
fa093db12ac6f09b35559f1ecf295bc0,2026-07-10T13:55:42Z,Heat Wave,fala upałów,natemat.pl,pl,0.9,"Die Rückkehr der Hitzewellen hat bereits ein bestimmtes Datum. Wir wissen, wann die Thermometer wieder verrückt spielen. Die Wettervorhersage für die zweite Julihälfte lässt keine Zweifel aufkommen – nach einer kurzen Pause von extremen Temperaturen wird eine Hitzewelle nach Polen zurückkehren. Die neuesten IMWM-Karten deuten darauf hin, dass das Quecksilber in der zweiten Hälfte der nächsten Woche schnell ansteigen wird, und die lokalen…","Powrót upałów ma już konkretną datę. Wiemy, kiedy termometry znów oszaleją","Prognoza pogody na drugą połowę lipca nie pozostawia złudzeń – po krótkiej przerwie od ekstremalnych temperatur do Polski wróci fala upałów. Najnowsze mapy IMGW wskazują, że już w drugiej połowie przyszłego tygodnia słupki rtęci zaczną szybko rosnąć, a lokaln…","The return of the heatwaves already has a specific date. We know when the thermometers will go crazy again. The weather forecast for the second half of July leaves no doubts - after a short break from extreme temperatures, a heat wave will return to Poland. The latest IMWM maps indicate that the mercury will start to rise rapidly in the second half of next week, and the local…","Reditus aestuum iam certum diem habet. Scimus cum thermometris iterum delirare. Tempestas praecognoscendum medium mensem Iulium sine dubio relinquit - post brevem dissolutionem ab extremis temperaturis, fluctus calor in Poloniam revertetur. Novissimae IMWM tabulae indicant Mercurium incipiet celeriter oriri in media septimana secunda, et loci…","https://natemat.pl/660457,powrot-upalow-ma-juz-konkretna-date-wiemy-kiedy-termometry-znow-oszaleja",https://m.natemat.pl/mapa-anomalii-temperaturowej-na-wysokosci-2-metrow-1787xc4t-1920x1080x0x0.webp,,"Cho ostatnie dni przyniosy wytchnienie od skwaru, nasz spokój nie potrwa dugo. Nowe prognozy IMGW pokazuj wyrany powrót afrykaskiego gorca do Polski. Kulminacja upaów moe nastpi ju w weekend za tydzi… [+4066 chars]",,2026-07-19 07:39:49+00:00,random,,,
cbf1ab6df6497a2f21457050e1535f01,2026-07-14T04:26:15Z,Heat Wave,fala upałów,wiadomosci.wp.pl,pl,0.9,"Hitze wird vom Himmel strömen. Die Hitzewelle kommt, aber es folgen Veränderungen. Die kommenden Tage werden von einem Zustrom heißer Luft geprägt sein. Am Ende der Woche erreicht die Hitzewelle ihren Höhepunkt, wenn die Thermometer im Schatten bis zu 31 Grad Celsius erreichen. Unmittelbar nach der afrikanischen Hitzewelle kommt es in Polen zu einem leichten Wettereinbruch. Wertminderung bei…","Żar poleje się z nieba. Nadciąga fala upałów, ale po niej zmiana","Najbliższe dni upłyną pod znakiem napływu gorącego powietrza. Kulminacja fali upałów nastąpi pod koniec tygodnia, kiedy termometry w cieniu wskażą nawet 31 st. C. Tuż po fali afrykańskiego żaru nad Polskę nadciągnie lekkie załamanie pogody. Spadek wartości na…","Heat will pour from the sky. The heatwave is coming, but it's followed by change. The coming days will be marked by an influx of hot air. The heat wave will culminate at the end of the week, when thermometers in the shade will reach up to 31 degrees Celsius. Right after the African heat wave, a slight weather breakdown will come to Poland. Decrease in value on…","Calorem de caelo effundet. Heatwave venit, sed mutatio sequitur. Dies venientes signabuntur per influxum aeris calidi. Fluctus aestus in fine hebdomadis consummabitur, cum thermometri in umbra usque ad 31 gradus Celsius pervenient. Post aestus Africani fluctus levis tempestas naufragii in Poloniam veniet. Decrescunt in valore ...",https://wiadomosci.wp.pl/zar-poleje-sie-z-nieba-nadciaga-fala-upalow-ale-po-niej-zmiana-7307271756282304a,https://v.wpimg.pl/YzBjZWQ1dhsjCCxkfkp7DmBQeD44E3VYN0hgdX4Aa05yEm1hYR4_Ey4PKDIhXncdMB8qNiZBdwouRTsnOB4vS20OMyQhXTgDbQ83NTRVdkt2XWsxZAFoV3FbamN8BT1PcEc4NTIGdBt6XjlnMlQ9TyALO3Us,,"Sprawd prognoz pogody dla swojego regionu na POGODA.WP.PL.
Pocztek tygodnia pod znakiem ciepa
W pierwszej czci prezentowanego okresu pogodowego bdziemy obserwowa stopniowe budowanie wysokich temper… [+4891 chars]",,2026-07-22 16:55:23+00:00,random,,,
7aff0d73de01dca1f62ba32fda4a1e8d,2026-07-20T07:50:28Z,Thunderstorm,grad województwo łódzkie powiat brzeziński,wiadomosci.wp.pl,pl,0.2,"Über 1.600 Berichte an einem Tag. Die Sturmfront zog durch das Land. Mehr als 1.600 Feuerwehreinsätze sind die Folge der heftigen Unwetter, die Polen am Sonntag heimgesucht haben. Am schwierigsten war die Situation in Kleinpolen, Schlesien und der Region Lublin. Windschutze wurden entfernt, Wasser abgepumpt und Dächer gesichert. Meteorologen warnen...",Ponad 1600 zgłoszeń w jedną dobę. Front burzowy przeszedł przez kraj,"Ponad 1600 interwencji strażaków to bilans gwałtownych nawałnic, które przeszły w niedzielę nad Polską. Najtrudniejsza sytuacja panowała w Małopolsce, na Śląsku i Lubelszczyźnie. Usuwano wiatrołomy, pompowano wodę i zabezpieczano dachy. Synoptycy ostrzegają, …","Over 1,600 reports in one day. The storm front passed through the country. More than 1,600 firefighter interventions are the result of the violent storms that hit Poland on Sunday. The most difficult situation was in Małopolska, Silesia and the Lublin region. Windbreaks were removed, water was pumped and roofs were secured. Forecasters warn...","Plus 1,600 refert in uno die. Procella ante patriam transierunt. Plus quam 1,600 interventus firepugnatoris proveniunt tempestatum violentorum quae Poloniam die Dominico feriunt. Difficillima res erat in regione Małopolska, Silesia et Lublinensi. Windbreaks remotis aqua exantlaretur tectaque tuta sunt. Vates monent...",https://wiadomosci.wp.pl/prawie-1600-zgloszen-w-jedna-dobe-front-burzowy-przeszedl-przez-kraj-7309446952404992a,https://v.wpimg.pl/ODRkYmEzYCUzCS9eagFtMHBRewQsWGNmJ0ljT2pLfXBiE25bdVUpLT4OKwg1FWEjIB4pDDIKYTQ-RDgdLFU5dX0PMB41Fi49fQ40DyAeYHA3CWtZfUN9aWZfaVpoTndzN0ZgCCNLYndrW2FZIRgud2BSbU84,,"Sprawd prognoz pogody dla swojego regionu na POGODA.WP.PL
Pastwowa Stra Poarna poinformowaa we wpisie na platformie X w poniedziaek rano, e w niedziel zanotowaa cznie 1613 zgosze zwizanych z przejci… [+1631 chars]",,2026-07-23 16:55:28+00:00,wmo,Poland,WCE,Europe
9606aefe1cc8f2a034c7072f30c7734d,2026-07-02T08:23:34Z,Thunderstorm,burza,wiadomosci.wp.pl,pl,0.9,"Stürme in Polen. So sah ein Sturm mit Hagel in der Region Lublin aus. Ein heftiger Sturm und ein heftiger Regenguss kombiniert mit Hagelsturm fegten über Skowieszyn bei Puławy in der Region Lublin. Der heftige Wind beschädigte und fällte Bäume, riss Dächer ab und starker Regen verursachte örtliche Überschwemmungen.",Nawałnice w Polsce. Tak wyglądała burza z gradem na Lubelszczyźnie,"Gwałtowna burza i potężna ulewa połączona z gradobiciem przeszły przez Skowieszyn pod Puławami na Lubelszczyźnie. Gwałtowny wiatr uszkadzał i powalał drzewa, zrywał dachy, a ulewny deszcz spowodował lokalne podtopienia.","Storms in Poland. This is what a storm with hail looked like in the Lublin region. A violent storm and a heavy downpour combined with hailstorm passed through Skowieszyn near Puławy in the Lublin region. The violent wind damaged and felled trees, tore off roofs, and heavy rain caused local flooding.","Tempestates in Polonia. Hoc est quod tempestas cum grandine in regione Lublinensi apparuit. Tempestas vehemens et gravis imber cum grandine coniuncta transivit Skowieszyn prope Puławy in regione Lublinensi. Vehemens ventus arbores et caedes laesit, tecta diripuit, et pluviae loci inundationem fecerunt.",https://wiadomosci.wp.pl/nawalnice-w-polsce-tak-wygladala-burza-z-gradem-na-lubelszczyznie-7303080576554049v,https://v.wpimg.pl/NTgwLmpwYTUGFTpeXwxsIEVNbgQZVWJ2ElV2T19Gd2ZXD2MaAAM4eRIHIAIRE2M1Fx5iGgAfLTAJWS8BHwIqe1NFdF1HRXYxSkB6CUlaemRUT2EMRkd8eQJFfA8VQCs3VEJ0XV4dPjNFCg,,"Gwatowna burza i potna ulewa poczona z gradobiciem przeszy przez Skowieszyn pod Puawami na Lubelszczynie. Gwatowny wiatr uszkadza i powala drzewa, zrywa dachy, a ulewny deszcz spowodowa lokalne podto… [+821 chars]",,2026-07-23 16:55:28+00:00,random,,,
dc0f9abcf059edd368bd1b0d89b0735e,2026-07-04T16:13:27Z,Heat Wave,upał,wiadomosci.wp.pl,pl,0.9,"Sie kündigen einen großen Temperaturunterschied an. So wird das Wetter Europa spalten. Nach der jüngsten extremen Hitze ist eine deutliche Abkühlung eingetreten. Das Wochenende und der Beginn der kommenden Woche werden voraussichtlich deutlich kälter. Ventusky berichtet, dass Südwesteuropa in den kommenden Tagen mit einer weiteren Internetwelle konfrontiert sein wird ...",Zapowiadają dużą różnicę temperatur. Tak pogoda podzieli Europę,"Po ostatnich ekstremalnych upałach nadeszło spore ochłodzenie. Znacznie zimniejszy ma być weekend i początek nadchodzącego tygodnia. Serwis Ventusky podaje, że podczas gdy w najbliższych dniach południowo-zachodnia Europa mierzyć się będzie z kolejną falą int…","They announce a large temperature difference. This is how the weather will divide Europe. After the recent extreme heat, a significant cooling has come. The weekend and the beginning of the coming week are expected to be much colder. Ventusky reports that while in the coming days southwestern Europe will face another wave of Internet...",Magna differentia temperatus nuntiant. Ita tempestas Europam dividet. Post recentem calorem maximum refrigeratio venit. Volutpat et initium septimanae venturae multo frigidiorem esse putantur. Ventusky refert dum in Europa australi adveniente dies aliam undam interretialem obventuram esse.,https://wiadomosci.wp.pl/zapowiadaja-duza-roznice-temperatur-tak-pogoda-podzieli-europe-7303909485992288a,https://v.wpimg.pl/NTIxZTMxYTUoGixnYgNsIGtCeD0kWmJ2PFpgdmJJfGB5AG1ifVcoPSUdKDE9F2AzOw0qNToIYCQlVzskJFc4ZWYcMyc9FC8tZh03NigcYWN9Tz8yKBp8eSgdO2VgTC9gflU7MH5KYzIrG29mfB19ZX4caXYw,,"Sprawd prognoz pogody dla swojego regionu na POGODA.WP.PL
Po upalnej i bardzo dynamicznej pogodzie nastpio ochodzenie.Temperatury w weekend dochodzi bd maksymalnie do 24 st. C na zachodzie kraju.
W… [+1433 chars]",,2026-07-23 16:55:28+00:00,random,,,
20ad06a7df09b3d6fdc4c771422dc7c2,2026-07-20T06:37:01Z,Storm,burza,wiadomosci.wp.pl,pl,0.9,"Gefährliches Wetter. IMWM gab Warnungen heraus. IMWM gab meteorologische Warnungen ersten Grades für Stürme im Nordwesten Polens heraus. Warnungen gelten für die gesamte Provinz. Woiwodschaft Westpommern, wo für Montag starke Regenfälle und stärkere Windböen vorhergesagt werden.",Niebezpieczna pogoda. IMGW wydał ostrzeżenia,"IMGW wydał ostrzeżenia meteorologiczne pierwszego stopnia przed burzami w północno-zachodniej Polsce. Alerty obejmują woj. zachodniopomorskie, gdzie w poniedziałek prognozowane są ulewne opady i silniejsze porywy wiatru.","Dangerous weather. IMWM issued warnings. IMWM issued first degree meteorological warnings for storms in north-western Poland. Alerts cover the province. West Pomeranian Voivodeship, where heavy rainfall and stronger wind gusts are forecast on Monday.","Tempestas periculosa. IMWM monuisse. IMWM monita meteorologica de procellis in Polonia septentrionali-occidentali primo gradu edita. Provinciae erecti tegunt. Voivodeship Pomeranian occidentales, ubi pluviae graves et procellae venti vehementiores die Lunae praenuntiant.",https://wiadomosci.wp.pl/niebezpieczna-pogoda-imgw-wydal-ostrzezenia-7309423169447936a,https://v.wpimg.pl/N2E3MjI4YVMkUTtZZk9sRmcJbwMgFmIQMBF3SGYFfAZ1S3pceRsoWylWPw85W2BVN0Y9Cz5EYEIpHCwaIBs4A2pXJBk5WC9LalYgCCxQYQdyA3xbcA18H3MAL1hkAHYDJh51DH1VYwInVXoLfgZ8CnQCdEg0,,"Pobieranie, zwielokrotnianie, przechowywanie lub jakiekolwiek inne wykorzystywanie treci dostpnych w niniejszym serwisie - bez wzgldu na ich charakter i sposób wyraenia (w szczególnoci lecz nie wyczn… [+868 chars]",,2026-07-23 16:55:28+00:00,random,,,
e356c36c8f5a26f27a0c3905bb347315,2026-07-01T06:37:00Z,Thunderstorm,grad,wiadomosci.gazeta.pl,pl,0.9,"Heftige Stürme werden Polen treffen. Hagel, Regengüsse und Windgeschwindigkeiten bis zu 110 Kilometer pro Stunde. Das Institut für Meteorologie und Wasserwirtschaft gab weitere Wetterwarnungen heraus. Für weite Teile Polens werden heftige Stürme, Regen, Hagel und starke Winde vorhergesagt.","Gwałtowne burze uderzą w Polskę. Grad, ulewy i wiatr do 110 kilometrów na godzinę","Instytut Meteorologii i Gospodarki Wodnej wydał kolejne alerty pogodowe. Nad znaczną częścią Polski prognozowane są gwałtowne burze, deszcze, grad oraz silny wiatr.","Violent storms will hit Poland. Hail, downpours and winds up to 110 kilometers per hour. The Institute of Meteorology and Water Management issued further weather alerts. Violent storms, rain, hail and strong winds are forecast over much of Poland.","Tempestates violentas Poloniam ferient. Ave, imbres et venti usque ad 110 chiliometrorum per horam. Institutum Meteorologicum et Procuratio Aquarum ulteriores tempestatum summis montibus edidit. Tempestates violentae, pluviae, grandines et validi venti multum Poloniae praenuntiant.","https://wiadomosci.gazeta.pl/polska/7,198072,32887952,gwaltowne-burze-uderza-w-polske-grad-ulewy-i-wiatr-do-110.html","https://bi.im-g.pl/im/9e/5d/1f/z32887966IER,Burza-w-Polsce.jpg",,"Jak informuje Instytut Meteorologii i Gospodarki Wodnej, nad Europ dominuje wy znad Atlantyku, jedynie poudniowy wschód oraz czciowo centrum kontynentu znajduje si w sabogradientowym obszarze obnione… [+4066 chars]",,2026-07-23 21:34:28+00:00,random,,,
3ce066e58790edcf8c0bf2311fc97e7a,2026-07-08T08:03:00Z,Volcano,wulkan,android.com.pl,pl,0.9,"Der Unterwasservulkan spuckt wahrscheinlich 4,5 Milliarden Jahre altes Magma aus. Unter dem Indischen Ozean, vor der Insel Mayotte, spuckt der junge Unterwasservulkan Fani Maoré Spuren von Chemikalien aus dem ursprünglichen Magma-Ozean der ersten 100 Millionen Jahre der Erdgeschichte. Geologen haben chemische Spuren des ältesten Hi… gefunden.","Podwodny wulkan prawdopodobnie wyrzuca magmę sprzed 4,5 miliarda lat","Pod dnem Oceanu Indyjskiego, niedaleko wyspy Mayotte, młody podmorski wulkan Fani Maoré wyrzuca ślady substancji chemicznych pochodzących z pierwotnego oceanu magmy z pierwszych 100 milionów lat historii Ziemi. Geolodzy znaleźli chemiczne ślady najstarszej hi…","The underwater volcano likely spews 4.5 billion-year-old magma. Beneath the Indian Ocean, off the island of Mayotte, the young submarine volcano Fani Maoré spews traces of chemicals from the primordial magma ocean of the first 100 million years of Earth's history. Geologists have found chemical traces of the oldest hi…","Volcano underwater verisimile vomit 4.5 miliardis annorum magma. Sub Oceano Indico, ab insula Mayotte, iuvenis subaquaneus vulcano Fani Maoré vestigia chemicorum ex magma primordiali oceano primi 100 miliones annorum historiae Telluris vomit. Geologi vestigia chemica vetustissima hi invenerunt ...",https://android.com.pl/nauka/1062795-podwodny-wulkan-magma-miliardy-lat/,https://static.android.com.pl/uploads/2025/12/wulkan-erupcja-wybuch-fot-Marco-Adobe-Stock-1280x853.jpeg,,"Pod dnem Oceanu Indyjskiego, niedaleko wyspy Mayotte, mody podmorski wulkan Fani Maoré wyrzuca lady substancji chemicznych pochodzcych z pierwotnego oceanu magmy z pierwszych 100 milionów lat histori… [+3858 chars]",,2026-07-26 11:43:59+00:00,random,,,
8a9377eb643ba6982f0c9e2fe9aeb715,2026-07-03T19:10:00Z,Earthquake,trzęsienie ziemi,www.bankier.pl,pl,0.7,"Erdbeben im US-Geheimdienst. Trumps Leute werfen Deep-State-Agenten raus. Dutzende Beamte wurden im Zusammenhang mit der Säuberung von Personen, die angeblich mit dem „Deep State“ in Verbindung stehen, aus dem Dienst entlassen, berichtete der Fernsehsender MS NOW. Der amtierende Direktor des Nationalen Geheimdienstes und enger Verbündeter von Donald Trump, Bill Pulte, wirft ihnen vor ...",Trzęsienie ziemi w wywiadzie USA. Ludzie Trumpa wyrzucają agentów „głębokiego państwa”,Dziesiątki funkcjonariuszy otrzymało wypowiedzenia ze służby w związku z czystką osób rzekomo związanych z „głębokim państwem” - podała telewizja MS NOW. Pełniący obowiązki Dyrektora Wywiadu Narodowego bliski sojusznik Donalda Trumpa Bill Pulte ma ich oskarża…,"Earthquake in US intelligence. Trump's people kick out deep state agents. Dozens of officers were dismissed from service in connection with the purge of people allegedly associated with the ""deep state"", MS NOW television reported. Acting Director of National Intelligence, close ally of Donald Trump, Bill Pulte, accuses them...","Terrae motus in US intelligentia. BUCINUM populus de re publica agentium stimulum calcitrare. dozens moderatorum a ministerio dimissi in nexu cum purgatione hominum assertum cum ""state profunda"" coniungitur, MS NUNC televisifico nuntiavit. Agens Directorem Nationalis Intelligentiae, socius Donaldi Trump, Bill Pulte, eos accusat...",https://www.bankier.pl/wiadomosc/Trzesienie-ziemi-w-wywiadzie-USA-Ludzie-Trumpa-wyrzucaja-agentow-glebokiego-panstwa-9163543.html,https://galeria.bankier.pl/p/d/a/b445783035bb74-948-568-0-463-1448-868.jpg,,Dziesitki funkcjonariuszy otrzymao wypowiedzenia ze suby w zwizku z czystk osób rzekomo zwizanych z gbokim pastwem - podaa telewizja MS NOW. Penicy obowizki Dyrektora Wywiadu Narodowego bliski sojusz… [+3355 chars],,2026-07-26 21:26:00+00:00,random,,,
69b4bdbfcca7113a08820d772d4c4c52,2026-07-16T06:35:00Z,Earthquake,trzęsienie ziemi,www.tabletowo.pl,pl,0.7,"Ein Erdbeben auf dem Smartphone-Markt. Niemand hat ein solches Szenario vorhergesagt. Neue Informationen deuten darauf hin, dass die nahe Zukunft eine noch unerwartetere Wende auf dem Smartphone-Markt bringen wird. Lesen Sie hier den vollständigen Artikel: Erdbeben im Smartphone-Markt. Niemand hat ein solches Szenario vorhergesagt",Trzęsienie ziemi na rynku smartfonów. Takiego scenariusza nikt nie przewidział,"Nowe informacje wskazują, że najbliższa przyszłość przyniesie jeszcze bardziej nieoczekiwany zwrot akcji na rynku smartfonów.Przeczytaj pełny artykuł tutaj: Trzęsienie ziemi na rynku smartfonów. Takiego scenariusza nikt nie przewidział",An earthquake on the smartphone market. No one predicted such a scenario. New information indicates that the near future will bring an even more unexpected turn in the smartphone market. Read the full article here: Earthquake in the smartphone market. No one predicted such a scenario,Mauris quis cursus orci. Nemo talem missionem praedixit. Novae informationes indicat proximum futurum eventurum eventurum inopinatum in foro Mauris quis felis. Read the full article here: Terrae motus in mauris quis felis. Nemo tam sem,https://www.tabletowo.pl/nadchodzi-trzesienie-ziemi-na-rynku-smartfonow/,https://www.tabletowo.pl/wp-content/uploads/2026/05/realme-16-pro-plus-recenzja-tabletowo-kordasinski-04-1195x900.jpg,,"Dodaj Tabletowo jako preferowane ródo w GoogleNasze artykuy bd czciej pojawia si w Twoich wynikach
Nie tylko OnePlus ju wkrótce zacznie wstrzymywa dziaalno w Europie. Nowe informacje wskazuj, e najb… [+2588 chars]",,2026-07-26 21:26:00+00:00,random,,,
ccf033832ff2896ed83094b62a289db7,2026-07-22T23:34:33Z,Snow Avalanche,lawina,sport.interia.pl,pl,0.7,"Lewandowskis Debüt. Eine Lawine von Kommentaren über den Polen. Eindeutig. Robert Lewandowski gab endlich sein Debüt für Chicago Fire. Der polnische Stürmer startete das Auswärtsspiel der „Firefighters“-Mannschaft gegen Inter Miami von der ersten Minute an. Noch bevor wir von der Entscheidung von Trainer Gregg Berhalter erfuhren, hatte der Verein bereits unsere Leistung bekannt gegeben...",Debiut Lewandowskiego. Lawina komentarzy o Polaku. Jednoznaczna,"Robert Lewandowski w końcu doczekał się debiutu w barwach Chicago Fire. Polski napastnik od pierwszej minuty rozpoczął wyjazdowy mecz ekipy ""Strażaków"" z Interem Miami. Zanim jeszcze poznaliśmy decyzję trenera Gregga Berhaltera, klub już zapowiadał występ nas…","Lewandowski's debut. An avalanche of comments about the Pole. Unambiguous. Robert Lewandowski finally made his debut for Chicago Fire. The Polish striker started the away match of the ""Firefighters"" team against Inter Miami from the first minute. Even before we learned about coach Gregg Berhalter's decision, the club had already announced our performance...","Lewandowski debut. Avalanche comment, de poli. Ambiguus. Robertus Lewandowski tandem suum debitum pro Chicago Fire fecit. Percussor Poloniae a primo momento turmam ""Frepugnantium"" subtrahere incepit. Etiam antequam consilium Gregg Berhalter de raeda didicimus, clava iam effectum nostrum denuntiavit.","https://sport.interia.pl/robert-lewandowski/news-lewandowski-wyszedl-i-sie-zaczelo-tak-potraktowali-polaka,nId,23518364",https://i.iplsc.com/-/000N316HBVFLMGEK-C461.jpg,,Na szczcie dla polskich fanów tu przed startem rozgrywanego w nocy ze rody na czwartek naszego czasu spotkania obyo si bez przykrej niespodzianki i zgodnie z wczeniejszymi doniesieniami Robert Lewand… [+1382 chars],,2026-07-27 04:12:40+00:00,random,,,
0e725ba533516ddfeecb4550e3ab0c35,2026-07-23T05:45:00Z,Snow Avalanche,lawina,www.sport.pl,pl,0.7,Eine Lawine von Kommentaren nach Lewandowskis MLS-Debüt. „Er hat versagt.“ Robert Lewandowski gab gestern Abend sein Debüt für Chicago Fire. Der Pole spielte im Auswärtsspiel gegen Inter Miami 62 Minuten. Der Kapitän der polnischen Nationalmannschaft schaffte es nicht in die Torschützenliste und seine Leistung wurde als „schlecht“ bezeichnet.,"Lawina komentarzy po debiucie Lewandowskiego w MLS. ""Nie zaliczył""","Robert Lewandowski zadebiutował minionej nocy w barwach Chicago Fire. Polak rozegrał 62 minuty w starciu wyjazdowym przeciwko Interowi Miami. Kapitan reprezentacji Polski nie zdołał wpisać się na listę strzelców, a jego występ został określony mianem ""kiepski…","An avalanche of comments after Lewandowski's MLS debut. ""He failed."" Robert Lewandowski made his debut last night for Chicago Fire. The Pole played 62 minutes in the away match against Inter Miami. The captain of the Polish national team failed to get on the scoresheet and his performance was called ""poor...","Avalanche commentaria post Lewandowski's MLS debut. ""Defecit."" Robertus Lewandowski heri suum debitum fecit pro Chicago Fire. Polus 62 minutas in par contra Inter Miami egit. Princeps turmae nationalis Poloniae in scoresheet non impetravit et effectus eius ""pauperes...""","https://www.sport.pl/pilka/7,64946,32927645,lawina-komentarzy-po-debiucie-lewandowskiego-w-mls-nie-zaliczyl.html","https://bi.im-g.pl/im/f7/66/1f/z32927735IER,Robert-Lewandowski.jpg",,"Na ten moment czekali fani talentu Roberta Lewandowskiego. 37-latek po miesiącach niepewności i opuszczeniu Barcelony podjął decyzję, iż swoją karierę będzie kontynuował w USA. W tamtejszej MLS trafi… [+3346 chars]",,2026-07-27 04:12:40+00:00,random,,,
2e11524050632da1e13e3bfe4d9896f9,2026-07-24T07:52:07Z,Snow Avalanche,lawina,wiadomosci.wp.pl,pl,0.7,"Nachts eine Lawine von PiS-Posts. Es gibt eine Reaktion von einem Development+-Mitglied. In den letzten Stunden wurde das Netzwerk mit kritischen Einträgen von Mitgliedern von Law and Justice überschwemmt, die Mitglieder der Vereinigung von Mateusz Morawiecki angriffen. - Darum geht es, zum Beispiel, ich bewerfe niemanden mit Schlamm - sagte er in der Sendung „Tłit“ auf Wirtualna Pols…",Lawina nocnych wpisów PiS. Jest reakcja członka Rozwój+,"W ostatnich godzinach sieć zalały krytyczne wpisy członków Prawa i Sprawiedliwości, którzy uderzali w członków stowarzyszenia Mateusza Morawieckiego. - Właśnie na tym to polega, że ja np. nie obrzucam nikogo błotem - mówił w programie ""Tłit"" w Wirtualnej Pols…","An avalanche of PiS posts at night. There is a reaction from a Development+ member. In recent hours, the network was flooded with critical entries by members of Law and Justice, who attacked members of Mateusz Morawiecki's association. - That's what it's all about, for example, I don't throw mud at anyone - he said in the ""Tłit"" program on Wirtualna Pols…","NIVIS NIVIS PIS AD NOCTURNAM. Reactio est ex membro Development+. Superioribus horis, reticulum criticis infusum a membris Iuris et Iustitiae inundavit, qui sodales societatis Mateusz Morawiecki aggressi sunt. - Hoc totum est, exempli gratia: lutum non iacio alicui - dixit in ""Tłit"" programmate in Wirtualna Pols...",https://wiadomosci.wp.pl/lawina-nocnych-wpisow-pis-jest-reakcja-czlonka-rozwoj-7310844641535041v,https://v.wpimg.pl/YmZhLnBudgw7CjpdbQ57GXhSbgcrV3VPL0p2TG1Ea1lqEHtYclouHS4eYRsyGTYMPkUtHitbLh0yCygAbBY1Ai8MY1pzQW8MOQoqQ3UXbwl3XHUKdlg4XzgJYV8kQW0LOw4uXCATOEMqBitMPw,,"W ostatnich godzinach sie zalay krytyczne wpisy czonków Prawa i Sprawiedliwoci, którzy uderzali w czonków stowarzyszenia Mateusza Morawieckiego. - Wanie na tym to polega, e ja np. nie obrzucam nikogo… [+1746 chars]",,2026-07-27 04:12:40+00:00,random,,,
26de1d67bffde23dd593682f52d7101e,2026-07-24T11:18:49Z,Earthquake,trzęsienie ziemi,wiadomosci.wp.pl,pl,0.7,"Die Spaltung der PiS ist eine Tatsache. Lawine von Kommentaren. Jarosław Kaczyński gab bekannt, dass etwa 30 Abgeordnete aus der PiS ausgetreten seien. Mateusz Morawiecki und eine mit ihm verbundene Gruppe von Abgeordneten standen außerhalb der Parteistrukturen. Die Aussage des PiS-Präsidenten sorgte im Internet für sofortige Reaktion. Erdbeben auf N…",Rozłam w PiS stał się faktem. Lawina komentarzy,"Jarosław Kaczyński ogłosił, że około 30 posłów zrezygnowało z członkostwa w PiS. Poza strukturami partii znalazł się Mateusz Morawiecki oraz grupa związanych z nim posłów. Oświadczenie prezesa PiS wywołało natychmiastową reakcję w sieci. Trzęsienie ziemi na N…",The split in PiS has become a fact. Avalanche of comments. Jarosław Kaczyński announced that about 30 MPs resigned from PiS. Mateusz Morawiecki and a group of MPs associated with him were outside the party structures. The statement of the PiS president caused an immediate reaction on the Internet. Earthquake on N…,Discidium in PiS factum est. NIVIS COMMENTA. Jarosław Kaczyński pronuntiavit de XXX MPs resignavit Pis. Mateusz Morawiecki et coetus MPs adiuncti extra factionem structurae cum eo erant. Constitutio praesidis Pis immediatam reactionem in Interreti effecit. Terrae motus in N…,https://wiadomosci.wp.pl/rozlam-w-pis-stal-sie-faktem-lawina-komentarzy-7310913492216160a,https://v.wpimg.pl/MmRhNDQ5YgwzCjh3fk5vGXBSbC04F2FPJ0p0Zn4Ef1liEHlyYRorBD4NPCEhWmMKIB0-JSZFYx0-Ry80OBo7XH0MJzchWSwUfQ0jJjRRYlRlDnhxYQF8QDFdK3d8AX0LMUV2cTQBYFhiWHwgMAF5VDELL2Ys,,"Dodaj WP Wiadomoci jako preferowane ródo w Google
Nasze treci bd czciej wywietla si w Twoich wynikach Google
Najwaniejsze informacje
<ul><li>Jarosaw Kaczyski potwierdzi podzia w partii, w wyniku k… [+2759 chars]",,2026-07-27 04:12:40+00:00,random,,,
daddcaf3c9654624482d1f0d72736acb,2026-07-17T04:08:59Z,Earthquake,trzęsienie ziemi,www.bankier.pl,pl,0.7,Erdbeben auf dem Kryptowährungsmarkt in Europa. Diese Unternehmen haben überlebt und werden die Polen legal bedienen. Nur 18 Unternehmen in der gesamten Europäischen Union haben eine Lizenz zum Betrieb einer Kryptowährungs-Handelsplattform mit eigenem Orderbuch erhalten. Wer hat den regulatorischen MiCA-Test bestanden? Welche Börsen stehen Polen zur Verfügung? Wie sehen die Alternativen aus und was kann…,Trzęsienie ziemi na rynku kryptowalut w Europie. Te firmy przetrwały i legalnie obsłużą Polaków,Licencję na prowadzenie platformy obrotu kryptowalutami z własnym arkuszem zleceń otrzymało zaledwie 18 podmiotów w całej Unii Europejskiej. Kto zdał regulacyjny test MiCA? Które giełdy pozostały do dyspozycji Polaków? Jak wyglądają alternatywy i na co pozwal…,Earthquake on the cryptocurrency market in Europe. These companies survived and will legally serve Poles. Only 18 entities across the European Union have received a license to operate a cryptocurrency trading platform with their own order book. Who passed the regulatory MiCA test? Which stock exchanges are available to Poles? What do the alternatives look like and what can…,Terrae motus in mercatu cryptocurrency in Europa. Hae societates superstites erunt et Poloni iure servient. Tantum XVIII entitates per Unionem Europaeam licentiam acceperunt ut suggestum cryptocurrency mercandi cum suo ordine libro operandi. Quis regulatory transiit MICA test? Quod praesto sint Polonorum stirpe commutationum? Quid utrumque simile et quid ...,https://www.bankier.pl/wiadomosc/Te-gieldy-kryptowalut-przetrwaly-MiCA-i-legalnie-obsluza-Polakow-9167726.html,https://galeria.bankier.pl/p/2/4/24a6c877bae019-948-568-0-75-1773-1063.jpg,,Licencj na prowadzenie platformy obrotu kryptowalutami z wasnym arkuszem zlece otrzymao zaledwie 18 podmiotów w caej Unii Europejskiej. Kto zda regulacyjny test MiCA? Które giedy pozostay do dyspozyc… [+11740 chars],,2026-07-27 17:17:06+00:00,random,,,
d25a99fb694d083e3fc9171e88e303ad,2026-07-06T14:21:05Z,Earthquake,trzęsienie ziemi,www.gry-online.pl,pl,0.9,"Xbox hat Rekordentlassungen in seiner Geschichte angekündigt. Die Spiele haben überlebt, aber für 5 Entwickler war es ein echtes Erdbeben. Dies ist das Ende einer Ära für Xbox. Microsoft kündigte eine beispiellose Umstrukturierung an, bei der das Unternehmen Tausende Mitarbeiter entlassen und sich von einigen seiner Entwicklungsstudios trennen wird.
Informationen: Xbox hat in seiner Geschichte Rekordentlassungen angekündigt. Spiele speichern…","Xbox ogłosił rekordowe zwolnienia w swojej historii. Gry ocalały, ale dla 5 deweloperów to prawdziwe trzęsienie ziemi","To koniec pewnej epoki dla Xboxa. Microsoft ogłosił bezprecedensową restrukturyzację, w ramach której zwolni tysiące pracowników i rozstanie się z częścią swoich studiów deweloperskich.
Informacja Xbox ogłosił rekordowe zwolnienia w swojej historii. Gry ocal…","Xbox has announced record layoffs in its history. The games survived, but for 5 developers it was a real earthquake. This is the end of an era for Xbox. Microsoft announced an unprecedented restructuring in which it will lay off thousands of employees and part with some of its development studios.
Information Xbox has announced record layoffs in its history. Save Games…","Xbox tabulas in sua historia annunciavit. Ludi superfuerunt, sed 5 tincidunt verus terrae motus fuit. Hic est finis aetatis pro Xbox. Microsoft novum bibendum denuntiavit in quo milia operariorum cessabit et pars cum quibusdam studiosis evolutionis suae.
Information Xbox denuntiavit tabulas in historia sua. Salvum ludi...",https://www.gry-online.pl/newsroom/xbox-oglosil-rekordowe-zwolnienia-w-swojej-historii-gry-ocalaly-a/z43139d,https://www.gry-online.pl/i/h/22/521049934.jpg,,"Microsoft ogosi najwiksz restrukturyzacj w historii dziau Xbox. W opublikowanym licie do pracowników nowa prezes marki, Asha Sharma, poinformowaa, e w roku fiskalnym 2027 prac straci okoo 3200 osób. … [+2206 chars]",,2026-07-27 17:17:06+00:00,random,,,
db22f58e8e3dc9745a5d7cda9d443db7,2026-07-07T08:18:49Z,Earthquake,trzęsienie ziemi,www.filmweb.pl,pl,0.9,"SCHOCKIEREND! Riesige Entlassungen bei XBOX. Vier Studios aus dem Portfolio entfernt. Dass Entlassungen bei XBOX unausweichlich sind, wird schon länger gemunkelt. Allerdings schockierte die soeben angekündigte Größenordnung die Welt. Microsoft beschert der Gaming-Branche ein wahres Erdbeben. XBOX: Asha Sharma kündigt einen Firmen-Reset an Asha Sharma, die neue Chefin von XBOX, ...",SZOK! Gigantyczne zwolnienia w XBOX. Cztery studia usunięte z portfolio,"O tym, że zwolnienia w XBOX są nieuchronne, plotkowano od dłuższego czasu. Jednak ogłoszona właśnie skala zaszokowała świat. Microsoft serwuje branży growej prawdziwe trzęsienie ziemi. XBOX: Asha Sharma zapowiada reset firmy Asha Sharma, nowa szefowa XBOX, og…","SHOCKING! Giant layoffs at XBOX. Four studios removed from the portfolio. The fact that layoffs at XBOX are inevitable has been rumored for a long time. However, the scale just announced shocked the world. Microsoft is giving the gaming industry a real earthquake. XBOX: Asha Sharma announces a company reset Asha Sharma, the new head of XBOX, ...","FOEDUS! Gigantes layoffs apud XBOX. Quattuor studiosi a librario absunt. Quod layoffs in XBOX inevitabilis est diu fama est. Sed libra mox mundo perculsa nuntiata est. Microsoft dat terrae motum ludum industriam realem. XBOX: Asha Sharma nuntiat societatem reset Asha Sharma, novum caput XBOX, ...",https://www.filmweb.pl/news/SZOK+Gigantyczne+zwolnienia+w+XBOX.+Cztery+studia+usuni%C4%99te+z+portfolio-167456,https://fwcdn.pl/nph/867323/2026/74798_1.7.jpg,,"O tym, e zwolnienia w XBOX s nieuchronne, plotkowano od duszego czasu. Jednak ogoszona wanie skala zaszokowaa wiat. Microsoft serwuje brany growej prawdziwe trzsienie ziemi.Asha Sharma, nowa szefowa … [+1736 chars]",,2026-07-27 17:17:06+00:00,random,,,
855934ebee5c3263064eb582455d4162,2026-07-07T09:30:01Z,Earthquake,trzęsienie ziemi,www.purepc.pl,pl,0.9,"Die dunkle Ära des Gamings naht. Wir werden nichts haben... und wir werden wahrscheinlich nicht einmal glücklich sein. Es ist kein Geheimnis, dass sich Gaming seit Jahren in Richtung Digital und Abonnements verlagert, aber die Ankündigung von Sony, ab 2028 physische Discs für neue Spiele auslaufen zu lassen, löste ein wahres Erdbeben aus. Es geht nicht einmal darum, dass das Medium selbst eine Art heilige Kunst ist ...",Nadchodzi ciemna era gamingu. Nie będziemy mieli nic... i chyba nawet nie będziemy szczęśliwi,"Nie jest tajemnicą, że gaming od lat przesuwa się w stronę cyfry i abonamentów, jednak zapowiedź Sony o wycofaniu fizycznych płyt dla nowych gier od 2028 roku wywołała prawdziwe trzęsienie ziemi. Nie chodzi już nawet o to, że sam nośnik jest jakimś świętym ar…","The dark era of gaming is coming. We will have nothing... and we probably won't even be happy. It is no secret that gaming has been moving towards digital and subscriptions for years, but Sony's announcement to phase out physical discs for new games from 2028 caused a real earthquake. It's not even about the medium itself being some kind of sacred art...","Fusce sit amet elit velit. Nihil habebimus... et fortasse ne beati quidem sumus. Non est occultum ludum in digitalibus et subscriptionibus annis motum fuisse, sed Sony denuntiatio ut discos physicos educere novas ludos ab anno 2028 genuinum terrae motum effecit. Etiam ipsum ipsum medium, aliquam vitae scelerisque...",https://www.purepc.pl/nadchodzi-ciemna-era-gamingu,https://www.purepc.pl/image/felieton/2026/07/06_nadchodzi_ciemna_era_gamingu_nie_bedziemy_mieli_nic_i_chyba_nawet_nie_bedziemy_szczesliwi_0.jpg,,"Nie jest tajemnic, e gaming od lat przesuwa si w stron cyfry i abonamentów, jednak zapowied Sony o wycofaniu fizycznych pyt dla nowych gier od 2028 roku wywoaa prawdziwe trzsienie ziemi. Nie chodzi j… [+10786 chars]",,2026-07-27 17:17:06+00:00,random,,,
0b49f31141c6d0349a748c27958e88e4,2026-07-21T11:22:00Z,Thunderstorm,grad województwo lubelskie powiat świdnicki,kobieta.gazeta.pl,pl,0.3,Ich mache es aus 3 Zutaten und dünge den Hibiskus. Die Nachbarn schauen neidisch. Ein gut gepflegter Hibiskus ist ein Juwel in jedem Garten. Sie ähnelt den in Polen bekannten Stockrosen und ist in vielen Farben erhältlich. Bei richtiger Pflege belohnt uns die Pflanze mit üppigen Blüten. Wie düngt man Hibiskus? Du musst nicht j…,Robię z 3 składników i nawożę hibiskus. Sąsiadki zerkają z zazdrością,"Dobrze zaopiekowany hibiskus będzie klejnotem w każdym ogrodzie. Przypomina doskonale znane w Polsce malwy i występuje w wielu kolorach. Jeśli zastosujemy odpowiednią pielęgnację, roślina odwdzięczy się nam bujnym kwieciem. Czym nawozić hibiskus? Nie musisz j…","I make it with 3 ingredients and fertilize the hibiscus. The neighbors look with envy. A well-cared for hibiscus will be a jewel in any garden. It resembles the well-known hollyhocks in Poland and comes in many colors. If we take proper care, the plant will reward us with lush flowers. How to fertilize hibiscus? You don't have to j…","pono eam cum 3 medicamentis et hibisco stercora. Invideant vicini. Bene curatus hibiscus gemma in omni horto erit. Similis est hollyhocks in Polonia notis et variis coloribus venit. Si recte curaverimus, planta nos laetis floribus reddet. Quomodo ad fecunditatem hibiscum? Non habes j ...","https://kobieta.gazeta.pl/dom-i-ogrod/7,197735,31146422,robie-z-3-skladnikow-i-nawoze-hibiskus-sasiadki-zerkaja-z.html","https://bi.im-g.pl/im/89/76/1c/z29843593IER,Rozowy-hibiskus.jpg",,"Hibiskusa, zwanego inaczej różą chińską, można z powodzeniem uprawiać zarówno w ogrodzie, jak i doniczce. Jest dość wymagającą rośliną, jednak piękne kwiaty, jakie wydaje, wynagradzają trud włożony w… [+2140 chars]",,2026-07-27 21:37:11+00:00,wmo,Poland,WCE,Europe
2d16b4b58017fff96bce2542a1154ddd,2026-07-02T22:39:00Z,Heat Wave,upał,www.sport.pl,pl,0.9,"Alarm vor dem Spiel Frankreichs bei der Weltmeisterschaft. Der US-Wetterdienst warnt in den kommenden Tagen vor gigantischer, extremer Hitze im Großraum Philadelphia. Und dort trifft Frankreich am Samstag im Achtelfinale der Weltmeisterschaft auf Paraguay.",Alarm przed meczem Francji na mundialu,"Amerykańska służba meteorologiczna przestrzega przed gigantycznymi, ekstremalnymi upałami w rejonie Filadelfii na najbliższe dni. A właśnie tam w sobotę Francja ma grać z Paragwajem w 1/8 finału mistrzostw świata.","Alarm before France's match at the World Cup. The US Meteorological Service warns of gigantic, extreme heat in the Philadelphia area in the coming days. And that's where France is scheduled to play Paraguay in the 1/8 finals of the World Cup on Saturday.","Terrorem in conspectu Franciae inserere in Trophaeo Mundi. US Meteorologicum servitii gigantici, caloris nimii in regione Philadelphiae in diebus adventus monet. Et illud ubi Gallia horarium est Paraguay ludere in 1/8 finalibus Mundi Mundi die Sabbati.","https://www.sport.pl/mundial/7,154361,32892532,alarm-przed-meczem-francji-na-ms.html",https://bi.im-g.pl/im/fa/5d/1f/z32887802IER.jpg,,"Reprezentacja Francji w tym momencie uchodzi za jednego z głównych faworytów do zwycięstwa w tegorocznych mistrzostwach świata rozgrywanych w Stanach Zjednoczonych, Kanadzie i Meksyku. Drużyna prowad… [+2217 chars]",,2026-07-28 12:20:51+00:00,random,,,
a6d2843d819cf4737d6cbb7180318a29,2026-07-17T03:44:00Z,Heat Wave,upał,www.benchmark.pl,pl,0.7,"Schwächt Hitze den Akku Ihres Telefons? So schützen Sie Ihr Smartphone im Sommer. Der Sommer ist die schwierigste Zeit des Jahres für Smartphone-Akkus. Wie CNET beschreibt, nehmen die durch hohe Temperaturen verursachten Schäden allmählich zu und werden oft erst nach einigen Monaten sichtbar, wenn das Telefon mit einer einzigen Ladung deutlich kürzer zu funktionieren beginnt. Einfach…",Upał osłabia baterię w telefonie? Tak ochronisz smartfon latem,"Lato to dla baterii w smartfonie najtrudniejsza pora roku. Jak opisuje CNET, szkody wywołane wysoką temperaturą narastają stopniowo i często stają się widoczne dopiero po kilku miesiącach, gdy telefon zaczyna wyraźnie krócej działać na jednym ładowaniu. Prost…","Does heat weaken your phone's battery? This is how you protect your smartphone in the summer. Summer is the most difficult time of the year for smartphone batteries. As CNET describes, the damage caused by high temperature increases gradually and often becomes visible only after a few months, when the phone begins to operate for a significantly shorter time on a single charge. Simple…","An calor debilitare scriptor phone altilium? Ita aestate Mauris quis felis custodiat. Aestas est difficillimum tempus anni Mauris quis gravida. Sicut CNET describit, damnum quod caliditas caliditas paulatim augetur et saepe tantum post paucos menses visibile fit, cum telephonum per unum crimen tempus significanter incipit operari. Simple…",https://www.benchmark.pl/upal-oslabia-baterie-w-telefonie-tak-ochronisz-smartfon-latem-7308046239315968a,https://v.wpimg.pl/YzU0MTE4dhs0Ujtnak97DncKbz0sFnVYIBJ3dmoFYEhlSGIyLFg8CDBAInoiRiwKNEc9ejVYdhslWWIidBs9EyZAITU8GzwXN1Upe3EMaxwzAy4waAJtH2EdeTEgDHRDY1EpeXYFYBlgBHxlfVA9HHdN,,"Telefon nie musi si od razu wyczy, by ucierpiaa jego bateria. Wystarczy seria pozornie bahych sytuacji: urzdzenie zostawione na siedzeniu auta, adowanie na rozgrzanej szafce nocnej albo korzystanie z… [+2430 chars]",,2026-07-29 16:48:13+00:00,random,,,
be4badcdf1e1c038f6790752b63c9898,2026-07-17T07:07:46Z,Heat Wave,upał,mrvintage.pl,pl,0.9,"Leinen und Denim? Das Duo ist besser als man denkt. In der Mode ordnen wir Materialien gerne in Schubladen. Wir schreiben Flachs dem Sommer zu. Tweed für den Herbst. Kaschmir für den Winter. Wir betrachten Denim meist als ganzjährigen Stoff, obwohl viele Menschen ihre Jeans bei Hitze im Schrank verstauen. Und das ist kaum überraschend. Dreli…",Len i denim? Duet lepszy niż mogłoby się wydawać,"W modzie bardzo lubimy szufladkować materiały. Len przypisujemy do lata. Tweed do jesieni. Kaszmir do zimy. Denim najczęściej traktujemy jako tkaninę całoroczną, choć wiele osób odkłada dżinsy do szafy wraz z nadejściem upałów. I trudno się temu dziwić. Dreli…","Linen and denim? The duo is better than you might think. In fashion, we like to pigeonhole materials. We attribute flax to summer. Tweed for autumn. Cashmere for winter. We most often treat denim as a year-round fabric, although many people put their jeans away in the closet when the heat comes. And this is hardly surprising. Dreli…","Linteis et denim? Pro melius putant gubergren te. In more, ut nos materiae columbæ. Linum aestati attribuimus. ad Tuedam autumni. Cashmere pro hyeme. Saepissime denim in anni rotundo fabricam tractamus, quamvis multi in thalamo, cum calor venit, abiecerint bracas. Et hoc mirum. Dreli…",https://mrvintage.pl/2026/07/len-i-denim-duet-lepszy-niz-mogloby-sie-wydawac.html,,,"W modzie bardzo lubimy szufladkować materiały. Len przypisujemy do lata. Tweed do jesieni. Kaszmir do zimy. Denim najczęściej traktujemy jako tkaninę całoroczną, choć wiele osób odkłada dżinsy do sza… [+3423 chars]",,2026-07-29 16:48:13+00:00,random,,,
ee2b96f869ec3239d3138ca8ec8b0ade,2026-07-28T16:33:00Z,Heat Wave,upał,spidersweb.pl,pl,0.9,"Ich habe Vollkasko und nichts funktioniert. So kocht die Hitze unser Internet. Im Sommer bemerken viele Menschen das gleiche Problem. Das Telefon zeigt volle Abdeckung an, das 5G- oder LTE-Symbol ist aktiv, und trotzdem öffnen sich Websites langsamer, Videos beginnen zu puffern und Videoanrufe verlieren an Flüssigkeit. Der erste Verdacht ist oft ein überlasteter Bediener...","Mam pełny zasięg, a nic nie działa. Tak upał gotuje nam internet","Latem wiele osób zauważa ten sam problem. Telefon pokazuje pełny zasięg, ikona 5G albo LTE jest aktywna, a mimo to strony otwierają się wolniej, filmy zaczynają buforować, a wideorozmowy tracą płynność. Pierwszym podejrzeniem często jest przeciążony operator …","I have full coverage and nothing works. This is how the heat cooks our internet. In the summer, many people notice the same problem. The phone shows full coverage, the 5G or LTE icon is active, and yet websites open slower, videos start to buffer, and video calls lose fluidity. The first suspicion is often an overloaded operator...","Habeo coverage et nihil operatur. Ita calor noster penitus coquit. Aestate multi eandem quaestionem observant. Telephonium plenum coverage ostendit, icon 5G vel LTE activa est, et tamen paginae tardius aperiuntur, videos incipiunt ad quiddam, et video vocat fluiditatem amittere. Prima suspicio saepe cumulatur operante...",https://spidersweb.pl/2026/07/upal-spowalnia-internet-powody.html,https://cdn-sw.spidersweb.pl/2026/07/Upal-spowalnia-internet-w-telefonie-to-nie-zart.-Oto-powod.webp,,"Wysokie temperatury s wyzwaniem nie tylko dla ludzi, ale take dla infrastruktury telekomunikacyjnej. Tysice stacji bazowych rozmieszczonych w caym kraju musz pracowa przez wiele godzin w trudnych war… [+5652 chars]",,2026-07-29 16:48:13+00:00,random,,,
efcc3054eddbeb144b64a1eeb0f996c9,2026-07-08T10:22:07Z,Storm,tornado,wiadomosci.wp.pl,pl,0.9,"Ein Chinese überlebte wie durch ein Wunder den Tornado. Er wurde aus der Wohnung „gesaugt“. Ein starker Tornado traf die zentralchinesische Stadt Huanggang und tötete elf Menschen. Das Element war so stark, dass es den Mann zusammen mit den Möbeln buchstäblich aus der Wohnung im 12. Stock saugte. Das Opfer überlebte den Sturz und wurde in ernstem Zustand auf die Intensivstation gebracht…","Chińczyk cudem przeżył tornado. Został ""wyssany"" z mieszkania","Potężne tornado uderzyło w miasto Huanggang w środkowych Chinach, zabijając 11 osób. Żywioł był tak silny, że dosłownie wyssał mężczyznę z mieszkania na 12. piętrze wraz z meblami. Poszkodowany przeżył upadek i w ciężkim stanie trafił na oddział intensywnej t…","A Chinese man miraculously survived the tornado. He was ""sucked"" out of the apartment. A powerful tornado hit the central Chinese city of Huanggang, killing 11 people. The element was so strong that it literally sucked the man out of the apartment on the 12th floor, along with the furniture. The victim survived the fall and was taken to the intensive care unit in a serious condition…","Homo Sinensis miraculose turbo superfuit. ""suctus"" extra conclave est. Potens turbo Huanggang urbem centralem Sinensium percussit, 11 homines necans. Elementum tam validum erat ut hominem e conclavi XII tabulato cum supellectile suxerit. Hostia superfuit casus et sublatus ad intensivam curam unitatis in gravi conditione…",https://wiadomosci.wp.pl/chinczyk-cudem-przezyl-tornado-zostal-wyssany-z-mieszkania-7305237525944672a,https://v.wpimg.pl/NmQ4YTM0YQwwVi9nYktsGXMOez0kEmJPJBZjdmIBfFlhTG5ifR8oBD1RKzE9X2AKI0EpNTpAYB09GzgkJB84XH5QMCc9XC8UflE0NihUYQlnUWBmLwR8QGEDPWdgBHhVNRk7YSsDY180Um8wdVF9WWkDbHYw,,"Najwaniejsze informacje:
<ul><li>W wyniku uderzenia tornada w chiskiej prowincji Hubei zgino 11 osób, a ponad 330 odnioso obraenia.</li><li>W miecie Huanggang wiatr porwa z 12. pitra mczyzn wraz z w… [+1667 chars]",,2026-07-30 21:41:49+00:00,random,,,
b7911803a3fcedb0f50552f6e4734591,2026-07-10T12:22:05Z,Precipitation,burza,wiadomosci.wp.pl,pl,0.9,"Wie wird das Wetter dieses Wochenende sein? An manchen Stellen kann es gefährlich werden. Am Wochenende wird es in Polen eine klare Wetteraufteilung geben: Im Westen wird es warm und sonnig, in der Mitte und im Osten kühler, mit vorübergehendem Regen und gelegentlichen Gewittern. IMWM-Prognostiker Przemysław Makarewicz kündigt ebenfalls eine anhaltende Warnung an...",Jaka pogoda będzie w weekend? Miejscami może być niebezpiecznie,"W weekend wyraźnie zaznaczy się podział pogody w Polsce: na zachodzie ma być ciepło i pogodnie, a w centrum i na wschodzie chłodniej z przelotnym deszczem i miejscami burzami. Synoptyk IMGW Przemysław Makarewicz zapowiada także utrzymujące się ostrzeżenie I s…","What will the weather be like this weekend? It can be dangerous in places. During the weekend, there will be a clear division of weather in Poland: it will be warm and sunny in the west, and cooler in the center and east with passing rain and occasional thunderstorms. IMWM forecaster Przemysław Makarewicz also announces a continuing warning...","Quid erit simile hoc volutpat vestibulum tempestas? Periculosum esse in locis. In volutpat vestibulum clara tempestas in Polonia divisio erit: erit in occidente calefacta et aprica, et frigidior in medio et oriens cum pluvia et tempestatibus occasionalibus. IMWM vatem Przemysław Makarewicz etiam denuntiat continuam admonitionem ...",https://wiadomosci.wp.pl/jaka-pogoda-bedzie-w-weekend-miejscami-moze-byc-niebezpiecznie-7305973469059488a,https://v.wpimg.pl/MmQ2MzExYgwwUDtJagNvGXMIbxMsWmFPJBB3WGpJdF9hSmIcLBQoHzRCIlQiCjgdMEU9VDUUYgwhW2IMdFcpBCJCIRs8VygAM1cpVSQbL1w1VCtOaEAsXDQfeUMkTGBUYlYpVyFMKV81BH5LdEwsVHNP,,"W pitkowe popoudnie w centralnej i wschodniej Polsce prognozowane jest due zachmurzenie oraz przelotny deszcz, a dla pónocno-wschodnich obszarów kraju przewidziano burze. Na zachodzie opadów ma nie b… [+2417 chars]",,2026-07-31 21:37:07+00:00,random,,,
2aeea0d909db46de7a14bab62328731f,2026-07-13T07:08:06Z,Thunderstorm,grad,wydarzenia.interia.pl,pl,0.9,"Mehr Grad, weniger Sicht. Nach dem Morgennebel ziehen Stürme auf. Dies wird ein weiterer in einer Reihe bewölkter und stürmischer Tage sein, aber nach und nach werden wir immer mehr Veränderungen spüren. Zwar werden Unwetter mit Regengüssen und Hagel über unser Land zurückkehren, aber in manchen Gegenden wird es aufklaren und es wird sehr warm. Stellenweise sehr ungemütlich…","Więcej stopni, mniej widzialności. Po porannych mgłach nadciągną burze","To będzie kolejny z serii pochmurnych i burzowych dni, ale stopniowo odczujemy coraz większe zmiany. Co prawda do naszego kraju wrócą burze z ulewami i gradem, jednak w niektórych rejonach się rozpogodzi, do tego zrobi się bardzo ciepło. Miejscami bardzo niew…","More degrees, less visibility. After the morning fog, storms will arrive. This will be another in a series of cloudy and stormy days, but gradually we will feel more and more changes. It is true that storms with downpours and hail will return to our country, but in some areas it will clear up and it will become very warm. Very uncomfortable in places…","Plus gradus, minus visibile. Post nebulam matutinam procellae advenient. Hoc aliud erit in serie nubium et tempestatum dierum, sed paulatim mutationes magis ac magis sentiemus. Tempestates quidem cum imbre et grandine in patriam revertentur, sed in quibusdam locis purgabitur et valde calida fiet. Valde incommodum est in locis…","https://wydarzenia.interia.pl/kraj/news-ulewy-i-burze-uderza-w-poniedzialek-synoptycy-wskazali-godzi,nId,23513339",https://i.iplsc.com/-/000N1G3W8Q1XL8BX-C461.jpg,,"""Dzisiaj burze bd moliwe we wschodniej poowie kraju, od Podlasia, poprzez wschodnie Mazowsze, Lubelszczyzn, po wschodni poow województwa witokrzyskiego i pónoc Podkarpackiego"" - informuje Instytut Me… [+2518 chars]",,2026-07-31 21:37:07+00:00,random,,,
5955fa8fd111d86df62185b537c225fe,2026-07-15T07:41:28Z,Heat Wave,upał,kobieta.interia.pl,pl,0.9,"Riesige Wetterturbulenzen. Erst die Hitze, dann die Kälte. Heiße Luft dringt nach Polen ein und morgen werden die Thermometer 30 Grad Celsius erreichen, während es am Freitag noch wärmer wird. Die Hitze wird noch einige Tage anhalten, doch ab nächster Woche wird es viel Abkühlung geben. Dann ist die Lufttemperatur in manchen Regionen…","Ogromne zawirowanie w pogodzie. Najpierw upał, później chłód","Do Polski wdziera się gorące powietrze i już jutro termometry wskażą 30 st. C, natomiast w piątek będzie jeszcze cieplej. Upał utrzyma się przez kilka dni, ale od przyszłego tygodnia czeka nas duże ochłodzenie. Wówczas temperatura powietrza w niektórych regio…","Huge turbulence in the weather. First the heat, then the cold. Hot air is entering Poland and tomorrow the thermometers will reach 30 degrees Celsius, while on Friday it will be even warmer. The heat will last for a few days, but from next week there will be a lot of cooling. Then the air temperature in some regions…","Ingens tempestas turbida. Primo calor, deinde frigus. Aer calidus in Poloniam intrat et cras thermometrae ad 30 gradus Celsius pervenient, cum Veneris die etiam calidior erit. Calor paucis diebus durabit, sed ex altera septimana multum refrigerandum erit. Tunc temperies aeris in quibusdam regionibus…","https://kobieta.interia.pl/newsy/news-to-bedzie-szok-termiczny-najpierw-upal-pozniej-potezny-zjazd,nId,23514490",https://i.iplsc.com/-/000MW794756EH9VL-C461.jpg,,"Jaka bdzie pogoda w najbliszych dniach?
W rod na ogó zachmurzenie umiarkowane, okresami due. Wicej bkitnego nieba jedynie na pónocy. Tam równie przelotne opady deszczu. W centrum i na poudniu opadom… [+2835 chars]",,2026-07-31 21:37:07+00:00,random,,,
d4a316b27fe22f6b508ac4e1271dfd0b,2026-07-15T13:12:08Z,Storm,burza,wiadomosci.wp.pl,pl,0.9,"Der größte Teil des Landes ist in Alarmbereitschaft. Sie warnen vor möglichen Überschwemmungen. Warnungen zweiten Grades vor Unwettern und ersten und zweiten Grades vor Starkregen mit Gewittern wurden am Mittwoch vom Institut für Meteorologie und Wasserwirtschaft für die meisten Woiwodschaften in Polen herausgegeben. Es gibt auch RCB-Warnungen und IMWM berichtet, dass „starke Regenfälle zu ... führen können.“",Większość kraju w alertach. Ostrzegają przed możliwymi podtopieniami,"Ostrzeżenia II stopnia przed burzami oraz I i II stopnia przed silnym deszczem z burzami wydał na środę Instytut Meteorologii i Gospodarki Wodnej dla większości województw w Polsce. Pojawiły się też alerty RCB, a IMGW podaje, że ""intensywne opady mogą prowadz…","Most of the country on alerts. They warn against possible flooding. Warnings of the second degree against storms and the first and second degree against heavy rain with thunderstorms were issued on Wednesday by the Institute of Meteorology and Water Management for most voivodeships in Poland. There are also RCB alerts, and IMWM reports that ""intense rainfall may lead to...","Pleraque regione summis montibus. Monent contra inundationem fieri. Monita secundi gradus contra procellas et primi et secundi gradus contra pluvias graves cum procellis procellis die Mercurii editae sunt ab Instituto Meteorologico et Procuratio Aquarum ad maximas navigationes in Polonia. Sunt etiam RCB erecti, et IMWM nuntiat ""pluviam vehementem ducere in ...""",https://wiadomosci.wp.pl/wiekszosc-kraju-w-alertach-ostrzegaja-przed-mozliwymi-podtopieniami-7307753204750784a,https://v.wpimg.pl/OGUxOWY0YCY0GjlkdkttM3dCbT4wEmNlIFp1dXYBfXFhAHdjaB8pLjkdPTIpX2EgJw0_Ni5AYTc5Vy4nMB85dnocJiQpXC4-eh0iNTxUYH8wHitvPwJ2ajBPeWZ0BCtyYlUuYGgIYnNsTncyaAkpc2NKenUk,,"W rod - zgodnie z prognozami Instytutu Meteorologii i Gospodarki Wodnej - bdzie burzowo, szczególnie w czci poudniowej Polski. 
Podczas burz prognozowane opady deszczu wynios od 55, do lokalnie 70 m… [+1834 chars]",,2026-07-31 21:37:07+00:00,random,,,
7d434e6240ee41ffa6c958325216d9f5,2026-07-16T12:59:36Z,Thunderstorm,grad,wiadomosci.wp.pl,pl,0.9,"Das Wetter wird seinen Tribut fordern. Die neueste IMWM-Prognose. Heiße Tage und unruhige Nächte liegen vor uns. Am Freitag erreichen die Thermometer in Polen sogar über 30 Grad Celsius. Begleitet werden die hohen Temperaturen von heftigen Unwettern mit Regengüssen und Hagel, die vom Westen in den Osten des Landes ziehen. Institut für Meteorologie und Inn…",Pogoda da się we znaki. Najnowsza prognoza IMGW,"Przed nami upalne dni i niespokojne noce. W piątek termometry w Polsce wskażą nawet powyżej 30 stopni Celsjusza. Do wysokich temperatur dołączą gwałtowne burze z ulewami i gradem, przemieszczające się z zachodu na wschód kraju. Instytut Meteorologii i Gospoda…","The weather will take its toll. The latest IMWM forecast. Hot days and restless nights lie ahead. On Friday, thermometers in Poland will even reach above 30 degrees Celsius. The high temperatures will be accompanied by violent storms with downpours and hail, moving from the west to the east of the country. Institute of Meteorology and Inn…","Tempestas portorium capiet. PROVIDENTIA Aliquam IMWM. Calidi dies et noctes inquietae lateant. Feria sexta, thermometri in Polonia usque supra 30 gradus Celsius pervenient. Temperatura magna cum procellis vehementibus et grandinibus cum imbre et ab occidente in orientem terrae movebitur. Institutum Meteorologicum et Inn…",https://wiadomosci.wp.pl/pogoda-da-sie-we-znaki-najnowsza-prognoza-imgw-7308108086229440a,https://v.wpimg.pl/M2Q0MTg1YlMwUjtnSEpvRnMKbz0OE2EQJBJ3dkgAfwZhSHpiVx4rWz1VPzEXXmNVI0U9NRBBY0I9HywkDh47A35UJCcXXSxLflUgNgJVYgs1VX1tXgMoHzMBKWVKBXUHYR0sMgUHYApjAX4wUwB1BzIGfHYa,,"Najwaniejsze informacje:
<ul><li>W pitek w niemal caej Polsce temperatura maksymalna przekroczy 30 st. C, a nocami termometry wska do 20 st. C.</li><li>Dla poudniowej i poudniowo-zachodniej Polski w… [+1711 chars]",,2026-07-31 21:37:07+00:00,random,,,
3ef2610230813821c3e2b348e4db85d9,2026-07-16T18:47:39Z,Heat Wave,upał,natemat.pl,pl,0.9,"Die Wettervorhersage ist voller Warnungen. Ich bereite mich bereits darauf vor, dass das Schlimmste wiederkommt. Wir machten eine Pause von der Hitze und das Wetter in Polen wurde ruhiger, aber wie sich herausstellte, nicht für lange. Die Wettervorhersage für die nächsten Tage ist nicht optimistisch. Es wird wieder heiß, Stürme sind vorhergesagt und das Institut für Meteorologie und Wasserwirtschaft ist bereits in...",Prognoza pogody świeci alertami. Już się szykuję na powrót najgorszego,"Odpoczęliśmy nieco od upałów i w Polsce zapanowała spokojniejsza aura, ale jak się okazuje, nie na długo. Prognoza pogody na najbliższe dni nie napawa optymizmem. Znów zapanuje skwar, zapowiadane są też burze, a Instytut Meteorologii i Gospodarki Wodnej już w…","The weather forecast is full of alerts. I'm already preparing for the worst to come back. We took a break from the heat and the weather in Poland became calmer, but as it turns out, not for long. The weather forecast for the next few days is not optimistic. There will be heat again, storms are forecast, and the Institute of Meteorology and Water Management is already in...","Tempestas praenuntientur plena summis montibus. Iam pessimum redeo parat. Ex aestu et tempestate in Polonia tranquilliora cepimus, sed evenit, non diu. Tempestas praenuntiet proximos dies non eu. Iterum aestus erunt, procellae Provident, et Institutum Meteorologicum et Management Aquarum iam in ...","https://natemat.pl/661075,prognoza-pogody-swieci-alertami-juz-sie-szykuje-na-powrot-najgorszego",https://m.natemat.pl/pogoda-prognozy-mapy-0l40l7fl-1920x1080x0x0.webp,,"Odpoczlimy nieco od upaów i w Polsce zapanowaa spokojniejsza aura, ale jak si okazuje, nie na dugo. Prognoza pogody na najblisze dni nie napawa optymizmem. Znów zapanuje skwar, zapowiadane s te burze… [+2666 chars]",,2026-07-31 21:37:07+00:00,random,,,
26965bb594d70baa97cd950ab3859683,2026-07-17T08:08:00Z,Heat Wave,upał,wiadomosci.gazeta.pl,pl,0.9,"Hitze, Stürme und Stromausfälle. Wetterwarnung in ganz Polen. Das Institut für Meteorologie und Wasserwirtschaft (IMGW) warnte am Freitag vor Unwettern und Hitze.","Skwar, burze i przerwy w dostawie prądu. Pogodowy alarm w całej Polsce",Instytut Meteorologii i Gospodarki Wodnej (IMGW) wydał w piątek ostrzeżenia przed burzami i upałami.,"Heat, storms and power outages. Weather alert throughout Poland. The Institute of Meteorology and Water Management (IMGW) issued warnings about storms and heat on Friday.","Aestus, procellae et potestas outages. Tempestas intenti per totam Poloniam. Institutum Meteorologicum et Procuratio Aquarum (IMGW) monuisse de procellis et calore Veneris.","https://wiadomosci.gazeta.pl/pogoda-i-klimat/7,198071,32917935,skwar-burze-i-przerwy-w-dostawie-pradu-pogodowy-alarm-w-calej.html","https://bi.im-g.pl/im/e4/5c/1f/z32885732IER,Burza--zdjecie-ilustracyjne-.jpg",,"Alerty I stopnia przed burzami obejm województwa: witokrzyskie, podkarpackie, maopolskie, poudniowy kraniec podlaskiego, zachodni poow warmisko-mazurskiego oraz pónocn cz woj. mazowieckiego.
Prognoz… [+1876 chars]",,2026-07-31 21:37:07+00:00,random,,,
691797346186a5ccdeb32056f7adee95,2026-07-18T10:05:00Z,Precipitation,burza,www.sport.pl,pl,0.7,"Sturm nach der FIFA-Entscheidung bezüglich des Schiedsrichters des Finales. „Die Umwelt ist angewidert.“ - Diese Nominierung zeigt eloquent und deutlich, wie viel Geschäft, Vereinbarungen und Politik in der Welt des Fußballs bedeuten können - so kommentierte Rafał Rostkowski die Entscheidung, den Schiedsrichter für das WM-Finale auszuwählen. Am Freitag stellte sich heraus, dass das wichtigste Spiel der Weltmeisterschaft von … ausgerichtet wird.","Burza po decyzji FIFA ws. sędziego finału. ""Środowisko jest zniesmaczone""","- Ta nominacja pokazuje wymownie i dobitnie, ile w świecie piłki nożnej mogą znaczyć biznes, układy i polityka - tak decyzję o wyborze sędziego finału mistrzostw świata skomentował Rafał Rostkowski. W piątek okazało się, że najważniejszy mecz mundialu poprowa…","Storm after FIFA's decision regarding the referee of the final. ""The environment is disgusted."" - This nomination shows eloquently and clearly how much business, arrangements and politics can mean in the world of football - this is how Rafał Rostkowski commented on the decision to select the referee of the World Cup final. On Friday, it turned out that the most important match of the World Cup will be hosted by…","Tempestas post FIFA consilium de referendario finali. "" Ambitu fastidium est."" - Haec nominatio diserte et clare ostendit quantum res, dispositiones et politica in mundo eu - hoc significare possint, quam Rafał Rostkowski de sententia eligendi referendarius Mundi Calicem finalem commentavit. Die Veneris, evenit ut praecipuae par Mundi Mundialis a…","https://www.sport.pl/mundial/7,154361,32919669,burza-po-decyzji-fifa-ws-sedziego-finalu-ms-srodowisko-jest.html","https://bi.im-g.pl/im/91/65/1f/z32919697IER,Slavko-Vincic.jpg",,"Szymon Marciniak nie poprowadzi już ani jednego meczu na tych mistrzostwach wiata. W piątek zapadła decyzja, że mecz o 3. miejsce będzie sędziował Jesus Valenzuela, a wielki finał - Slavko Vincić. Ko… [+2458 chars]",,2026-08-01 21:24:12+00:00,random,,,
a5508157c15a2dec7cb0086719d4ac7b,2026-07-27T07:15:11Z,Heat Wave,upał,kobieta.interia.pl,pl,0.9,"Die extreme Hitze ist zurück. Thermometer zeigen 37-40 Grad C an. Das Datum ist angegeben. Ab kommenden Mittwoch kehrt die Hitze in Polen zurück, die sich in den folgenden Tagen noch verstärken wird. Am Freitag zeigen die Thermometer im Südwesten 37 Grad Celsius an, mancherorts können die Temperaturen aber auch 40 Grad Celsius erreichen. Darüber hinaus wird mit starken Regenfällen gerechnet, ...",Wracają ekstremalne upały. Na termometrach 37-40 st. C. Wskazano datę,"Od najbliższej środy do Polski wrócą upały, które w kolejnych dniach będą się nasilać. W piątek na południowym zachodzie termometry wskażą 37 st. C, ale punktowo temperatura może wynieść nawet 40 st. C. Ponadto należy się spodziewać ulewnych opadów deszczu, b…","Extreme heat is back. Thermometers show 37-40 degrees C. The date is indicated. From next Wednesday, the heat will return to Poland, which will intensify in the following days. On Friday, in the south-west, thermometers will indicate 37 degrees Celsius, but in some places the temperature may even reach 40 degrees Celsius. In addition, heavy rainfall is expected, ...","Extremus calor rursus est. Thermometri gradus 37-40 demonstrant C. Dies indicatus est. Die Mercurii proximo, calor in Poloniam redibit, qui sequentibus diebus augebit. Die Veneris, in occidente hiberno, thermometrae indicant 37 gradus Celsium, sed in quibusdam locis etiam temperaturas 40 gradus Celsius attingere potest. Donec sit amet malesuada magna,...","https://kobieta.interia.pl/newsy/news-w-srode-rano-zabezpiecz-okna-folia-wraca-piekielny-zar-nawet,nId,23520196",https://i.iplsc.com/-/000N3JCCT45B6X50-C461.jpg,,"Jaka bdzie pogoda w najbliszych dniach?
W poniedziaek na ogó zachmurzenie due, ale od zachodu zaczn si pojawia przejanienia i rozpogodzenia. W wielu regionach, a szczególnie we wschodniej poowie kra… [+2295 chars]",,2026-08-02 11:41:13+00:00,random,,,
bfc1c31061f03b50fcd5d124616e44f1,2026-07-06T06:19:53Z,Heat Wave,upał,natemat.pl,pl,0.9,"Wann kommt die Hitze zurück? Das Ende der kalten Tage ist näher als Sie denken. Das Wetter hat uns in letzter Zeit auf die Spitze getrieben. Wir haben uns gerade über die höllische Hitze beschwert, und jetzt holen wir dickere Sweatshirts und Jacken aus unseren Kleiderschränken. Wenn Sie darauf warten, dass der heiße Sommer schnell zurückkehrt, müssen Sie geduldig sein. Die Hitze wird diese Woche definitiv nicht zurückkommen.",Kiedy powrócą upały? Koniec chłodnych dni jest bliżej niż przypuszczasz,"Pogoda funduje nam ostatnio same skrajności. Dopiero co narzekaliśmy na piekielne upały, a teraz z szaf wyciągamy grubsze bluzy i kurtki. Jeśli czekacie na szybki powrót gorącego lata, musicie uzbroić się w cierpliwość. W tym tygodniu skwar na pewno nie wróci.","When will the heat return? The end of cold days is closer than you think. The weather has been taking us to extremes lately. We were just complaining about the hellish heat, and now we are taking out thicker sweatshirts and jackets from our wardrobes. If you are waiting for the hot summer to return quickly, you must be patient. The heat will definitely not come back this week.","Quando calor revertetur? Finis frigorum dierum propior est quam putas. Tempestas nos ad extrema nuper adepta est. Modo conquerebamus de calore infernali, nunc autem tunicas et tunicas e vestimentis auferimus crassiores. Si aestatem calidam expectas ut cito redeas, patienter esse debes. Calor certus non revertitur hac septimana.","https://natemat.pl/659761,kiedy-powroca-upaly-koniec-chlodnych-dni-jest-blizej-niz-przypuszczasz",https://m.natemat.pl/mapa-anomalii-temperatur-w-polsce-i-naszej-czesci-europy-djrt4wzu-1920x1080x0x0.webp,,"Pogoda funduje nam ostatnio same skrajnoci. Dopiero co narzekalimy na piekielne upay, a teraz z szaf wycigamy grubsze bluzy i kurtki. Jeli czekacie na szybki powrót gorcego lata, musicie uzbroi si w … [+2578 chars]",,2026-08-03 13:25:00+00:00,random,,,
f0b63a66b11c2af4c8c38e68ea7d4ebf,2026-07-08T19:38:32Z,Storm,burza,tvn24.pl,pl,0.9,"Starker Regen mit Gewittern. Hier möchte IMWM warnen. Das Institut für Meteorologie und Wasserwirtschaft hat eine Vorhersage meteorologischer Bedrohungen veröffentlicht. Daraus geht hervor, dass es am Donnerstag und Freitag in Teilen des Landes zu heftigen Regenfällen kommen wird, begleitet von Unwettern. Prüfen Sie, wo es gefährlich sein könnte.",Silny deszcz z burzami. Tu zamierza ostrzegać IMGW,"Instytut Meteorologii i Gospodarki Wodnej opublikował prognozę zagrożeń meteorologicznych. Wynika z niej, że w czwartek i piątek w części kraju mają pojawić się silne opady deszczu, którym będą towarzyszyć burze. Sprawdź, gdzie może być groźnie.","Heavy rain with thunderstorms. This is where IMWM intends to warn. The Institute of Meteorology and Water Management has published a forecast of meteorological threats. It shows that on Thursday and Friday there will be heavy rainfall in parts of the country, accompanied by storms. Check where it may be dangerous.","Tonitribus imbres graves. Hic ubi IMWM monere intendit. Institutum Meteorologicum et Management Aquarum praenuntiationem minarum meteorologicarum edidit. Ostendit die Iovis et Veneris pluviam gravem futuram esse in partibus regionis, cum procellis. Reprehendo ubi periculosum sit.",https://tvn24.pl/tvnmeteo/prognoza/pogoda-silny-deszcz-z-burzami-tu-zamierza-ostrzegac-imgw-st9134557,https://tvn24.pl/_e/i/najnowsze/cdn-zdjecie-1375316-ulewa-burza-ph9091123/alternates/WEBP_LANDSCAPE_1620,,"Instytut Meteorologii i Gospodarki Wodnej opublikowa prognoz zagroe meteorologicznych. Wynika z niej, e w czwartek i pitek w czci kraju maj pojawi si silne opady deszczu, którym bd towarzyszy burze. … [+1823 chars]",,2026-08-03 13:25:00+00:00,random,,,
c829846fdaf5ddeb1e5fbb219b1e752b,2026-07-11T06:06:00Z,Earthquake,trzęsienie ziemi,www.sport.pl,pl,0.7,"Erdbeben in der belgischen Nationalmannschaft. Courtois schockiert nach dem WM-Spiel. Thibaut Courtois wurde im WM-Viertelfinalspiel gegen Spanien (1:2) in der 71. Minute verletzungsbedingt ausgewechselt. Allerdings verriet der Torhüter der belgischen Nationalmannschaft in einem Interview nach dem Spiel, dass es allein die Entscheidung von Trainer Rudi Garcia war...",Trzęsienie ziemi w reprezentacji Belgii. Courtois szokuje po meczu MŚ,"Thibaut Courtois z powodu kontuzji został zmieniony w 71. minucie meczu ćwierćfinałowego mistrzostw świata przeciwko Hiszpanii (1:2). Bramkarz reprezentacji Belgii jednak w wywiadzie pomeczowym wyjawił, że była to wyłącznie decyzja selekcjonera Rudiego Garcii…","Earthquake in the Belgium national team. Courtois shocks after the World Cup match. Thibaut Courtois was replaced due to an injury in the 71st minute of the World Cup quarter-final match against Spain (1-2). However, the goalkeeper of the Belgium national team revealed in a post-match interview that it was solely the decision of coach Rudi Garcia...",Terrae motus in Belgio nationali manipulus. Courtois fruges post Trophaeum Mundi inserere. Thibaut Courtois substitutus est propter laesionem in momento mundi Cupientis quartae partis finalis contra Hispaniam (1-2). Tamen propositum societatis Belgicae in colloquio post-paro revelavit quod solum consilium raeda Rudi Garcia erat...,"https://www.sport.pl/mundial/7,154361,32907950,trzesienie-ziemi-w-reprezentacji-belgii-courtois-szokuje-po.html","https://bi.im-g.pl/im/b3/62/1f/z32907955IER,Thibaut-Courtois.jpg",,"Reprezentacja Hiszpanii zameldowała się w półfinale mistrzostw świata, gdzie już czekała na nią Francja. ""La Furia Roja"" w ćwierćfinale mierzyła się z Belgią i od początku starała się narzucić swoje … [+3030 chars]",,2026-08-04 17:11:47+00:00,random,,,
c13e3fc37d00d06b89e2bb41e1366577,2026-07-17T16:51:57Z,Earthquake,trzęsienie ziemi,wiadomosci.wp.pl,pl,0.7,"Erdbeben in Mexiko. Tsunami-Warnung. Vor der Küste des mexikanischen Bundesstaates Chiapas ereignete sich am Freitag ein starkes Erdbeben der Stärke 7,3. Der US Geological Survey gab eine Tsunami-Warnung für ein Gebiet im Umkreis von 300 km um das Epizentrum heraus. Die Erschütterungen wurden auch von Bewohnern Guatemalas gespürt und…",Trzęsienie ziemi w Meksyku. Ostrzeżenie przed tsunami,"U wybrzeży meksykańskiego stanu Chiapas doszło w piątek do silnego trzęsienia ziemi o magnitudzie 7,3. Amerykańska Służba Geologiczna wydała ostrzeżenie przed tsunami dla obszaru w promieniu 300 km od epicentrum. Wstrząsy odczuli także mieszkańcy Gwatemali i …",Earthquake in Mexico. Tsunami warning. A strong earthquake with a magnitude of 7.3 occurred on Friday off the coast of the Mexican state of Chiapas. The US Geological Survey issued a tsunami warning for an area within 300 km of the epicenter. The tremors were also felt by residents of Guatemala and…,Terrae motus in Mexico. Tsunami admonitio. Terrae motus fortis cum magnitudine 7.3 die Veneris ad oram Mexicanae civitatis Chiapas factus est. US Geological Survey denuntiavit tsunami admonitionem pro area intra 300 km epicenter. tremores etiam ab incolis Guatimaliae sentiebantur et…,https://wiadomosci.wp.pl/trzesienie-ziemi-w-meksyku-ostrzezenie-przed-tsunami-7308514916542912a,https://v.wpimg.pl/YjVkNzVmdgs3CThJeRZ7HnRRbBM_T3VII0l0WHlValguXntOeQswBjMZKwo5Qz4YIxsvDSZDKQZ5Cj4TeRtoRTICPQo6DCBFMwYsHzJCPQs3CXlNMlR0UjBZLFdiDD8Le1MrTWJAbVpkCixPMlpsDG9cbAc,,"<ul><li>Magnituda trzsienia ziemi zostaa okrelona na 7,3, cho wczeniej podawano warto 7,4.</li><li>Wedug Reutersa epicentrum znajdowao si w pobliu portowego miasta Puerto Madero, a ognisko wstrzsów n… [+1828 chars]",,2026-08-04 17:11:47+00:00,random,,,
1455c3efdb3185d4bdc54b9898a290b1,2026-07-06T05:55:02Z,Earthquake,trzęsienie ziemi,natemat.pl,pl,0.9,"Automobil-Erdbeben in China, acht Marken werden liquidiert? Nicht wirklich. Die Nachricht, dass der chinesische Automobilmarkt einer brutalen Säuberung unterzogen würde und acht Marken plötzlich von der Produktion von Fahrzeugen ausgeschlossen würden, verbreitete sich blitzschnell. Als im Internet die offizielle Ankündigung erschien, dass das Ministerium für Industrie und Informationstechnologie…","Motoryzacyjne trzęsienie ziemi w Chinach, osiem marek do likwidacji? Nie do końca","Informacja o tym, że chiński rynek motoryzacyjny przejdzie brutalną czystkę, a osiem marek dostanie nagły zakaz wytwarzania pojazdów, rozeszła się z prędkością światła. Gdy w sieci pojawił się oficjalny komunikat, że Ministerstwo Przemysłu i Technologii Infor…","Automotive earthquake in China, eight brands to be liquidated? Not really. The news that the Chinese automotive market would undergo a brutal purge and that eight brands would be suddenly banned from producing vehicles spread at lightning speed. When the official announcement appeared on the Internet that the Ministry of Industry and Information Technology…","Terrae motus autocineti in Sinis octo notae dissolutae sunt? Non vere. Nuntium in mercatu autocineto Sinensium truculenter purgationem subiturum esse et octo notas subito interdictum iri, ne in velocitate fulgurum vehiculis producerentur. Cum nuntius officialis in Interreti apparuit Ministerium Industry ac Information Technologiae…","https://natemat.pl/659755,motoryzacyjne-trzesienie-ziemi-w-chinach-osiem-marek-do-likwidacji-nie-do-konca",https://m.natemat.pl/samochody-parking-d395u00u-1920x1080x0x0.webp,,"Informacja o tym, e chiski rynek motoryzacyjny przejdzie brutaln czystk, a osiem marek dostanie nagy zakaz wytwarzania pojazdów, rozesza si z prdkoci wiata. Gdy w sieci pojawi si oficjalny komunikat,… [+3387 chars]",,2026-08-04 17:11:47+00:00,random,,,
90329653a94256e2f87fc17461fed6ab,2026-07-13T06:29:37Z,Earthquake,trzęsienie ziemi,wiadomosci.wp.pl,pl,0.9,"Umordnung oder Erdbeben? Was Sie von Veränderungen in der ukrainischen Regierung erwarten können. Julia Svyrydenko tritt zurück. Die derzeitige Premierministerin der Ukraine wird wahrscheinlich die neue Botschafterin in den USA werden und ihren Platz wird Serhiy Korecki einnehmen. Er ist ein Technokrat und ein talentierter Manager, der vollständig vom Büro des Präsidenten kontrolliert wird.",Przemeblowanie czy trzęsienie ziemi? Czego się spodziewać po zmianach w ukraińskim rządzie,"Julia Swyrydenko podaje się do dymisji. Dotychczasowa premier Ukrainy zostanie prawdopodobnie nową ambasadorką w USA, a jej miejsce zajmie Serhij Korecki. Jest technokratą i utalentowanym menedżerem całkowicie sterowalnym przez biuro prezydenta.","Rearrangement or earthquake? What to expect from changes in the Ukrainian government. Julia Svyrydenko resigns. The current Prime Minister of Ukraine will probably become the new ambassador to the US, and her place will be taken by Serhiy Korecki. He is a technocrat and a talented manager completely controlled by the president's office.","Aut terrae motus? Quid expectes de mutationibus in imperio Ucrainae. Iulia Svyrydenko resignavit. Praesens primus minister Ucrainae novus legatus US verisimiliter fiet, et locus eius a Serhiy Korecki erit. Ille technocraticus est et ingeniosus procurator ab officio praesidis omnino moderatus est.",https://wiadomosci.wp.pl/przemeblowanie-czy-trzesienie-ziemi-czego-sie-spodziewac-po-zmianach-w-ukrainskim-rzadzie-7306937395325280a,https://v.wpimg.pl/Nzg2N2JhYRsGUDgBZRNsDkUIbFsjSmJYEhB0EGVZfUpXSnYEf0coEwtXPFc6B2AdFUc-Uz0YYAoLHS9CI0c4S0hWJ0E6BC8DSFcjUC8MYUMDC35Xfgl7VwUBeFNnXHZCVB8sBS9dY0lQU3kKfF8sG1cHeBA3,,"Za pi dni Julia Swyrydenko obchodziaby rocznic swojego premierowania. witowania nie bdzie. 17 lipca, zamiast raportowa i nakrela plany przed Rad Najwysz, Swyrydenko poegna si ze stanowiskiem.
W nied… [+7751 chars]",,2026-08-04 17:11:47+00:00,random,,,
696976af36ba2c8e0de7aedf56f85173,2026-07-28T09:05:35Z,Earthquake,trzęsienie ziemi,natemat.pl,pl,0.9,"Ein starkes Erdbeben in Japan. Die Bewohner werden bereits vor dem Tsunami gewarnt. In Japan ereignete sich ein starkes Beben der Stärke 7,1. Ein Erdbeben erschütterte die Präfektur Kumamoto auf der Insel Kyushu. Anwohner haben bereits dringende Tsunami-Warnungen erhalten. Anwohner in Küstennähe warten gespannt auf die weitere Entwicklung der Lage.",Potężne trzęsienie ziemi w Japonii. Mieszkańcy są już ostrzegani przed tsunami,"Potężne wstrząsy o magnitudzie 7,1 wystąpiły w Japonii. Trzęsienie ziemi uderzyło w prefekturę Kumamoto na wyspie Kiusiu. Mieszkańcy już dostali pilne ostrzeżenia przed tsunami. Mieszkańcy blisko linii brzegowej czekają w napięciu na rozwój sytuacji.",A powerful earthquake in Japan. Residents are already warned about the tsunami. A powerful quake with a magnitude of 7.1 occurred in Japan. An earthquake hit Kumamoto Prefecture on the island of Kyushu. Residents have already received urgent tsunami warnings. Residents near the coastline are waiting in suspense for how the situation will develop.,Terrae motus potens in Iaponia. Incolae iam de tsunami monuerunt. Motus potens cum magnitudine 7.1 in Iaponia facta est. Motus terrae motus Kumamoto Praefecturam in insula Kyushu percussit. Residentibus iam urgentibus tsunami monitis. Incolae prope oram maritimam in suspenso exspectant quomodo condicio rerum explicabitur.,"https://natemat.pl/662560,potezne-trzesienie-ziemi-w-japonii-mieszkancy-sa-juz-ostrzegani-przed-tsunami",https://m.natemat.pl/q2sbmiga-1920x1080x0x0.webp,,"Potne wstrzsy o magnitudzie 7,1 wystpiy w Japonii. Trzsienie ziemi uderzyo w prefektur Kumamoto na wyspie Kiusiu. Mieszkacy ju dostali pilne ostrzeenia przed tsunami. Mieszkacy blisko linii brzegowej… [+758 chars]",,2026-08-04 17:11:47+00:00,random,,,
