week,sentiment_mean,sentiment_std,subjectivity_mean,subjectivity_std,counting
2025-50,-0.03333333333333333,0.04714045207910317,0.03333333333333333,0.04714045207910317,2.0
2025-51,0.804847119378949,0.620748684621723,0.699508868659691,0.18478876444857886,3.0
2026-01,0.11168852419500368,1.085021057994636,-0.8939845811467034,0.4204611731638395,3.0
2026-02,0.28337119289848517,0.6361058405070446,0.749510589934161,0.8573937494589109,6.0
2026-03,-0.22996947735268655,0.8938097277578665,-0.22462762019325325,0.7709473337913273,14.0
2026-04,0.14671405424633857,0.9084463713557486,0.5667108757444531,0.6182789877559777,6.0
2026-05,-0.24221520673669855,0.7069831817076054,-0.41125986346788884,0.6664522915112161,5.0
