week,sentiment_mean,sentiment_std,subjectivity_mean,subjectivity_std,counting
2025-50,0.3202200572599404,0.5471404520791031,-0.3202200572599404,0.5471404520791031,2.0
2025-51,0.9611000881611714,0.7225074174387028,0.8850858916692003,0.1598618179567921,3.0
2026-01,0.2348086073265531,0.9130590719285581,-0.5258547901489078,0.5875324268836956,3.0
2026-02,0.42452178152499054,0.6397601207714038,0.7998112200460576,0.7439351073892514,7.0
2026-03,-0.16886210473937086,0.9014815365484978,-0.1795854383990273,0.8069042887665496,22.0
2026-04,0.09377956096897597,0.8031377462200833,0.5336757874026703,0.9810082842753594,8.0
2026-05,0.0027891700578099744,0.7775631684023087,-0.5052214089546474,0.6388088346313362,9.0
2026-06,-0.8145608334289687,0.7501335803528862,0.4142534783475704,0.6299626431882845,4.0
