week,sentiment_mean,sentiment_std,subjectivity_mean,subjectivity_std,counting
2025-50,-0.03333333333333333,0.04714045207910317,0.03333333333333333,0.04714045207910317,2.0
2025-51,0.5070128173682839,0.65977404296105,0.09383890143892963,1.0392598381716673,3.0
2026-01,0.6920507723388261,0.5775979208413827,-0.8148018493550937,0.5620994273193423,2.0
2026-02,0.10518662251801258,0.6514255881717336,0.6762052338515208,0.755903285358077,5.0
2026-03,-0.22894064427058997,0.896799544596526,-0.026627250819754488,0.758548457388146,10.0
2026-04,0.03333333333333333,1.0,0.6666666666666666,1.0,1.0
