week,sentiment_mean,sentiment_std,subjectivity_mean,subjectivity_std,counting
2025-50,-0.03333333333333333,0.04714045207910317,0.03333333333333333,0.04714045207910317,2.0
2026-01,0.0,1.0,0.5,1.0,1.0
