week,sentiment_mean,sentiment_std,subjectivity_mean,subjectivity_std,counting
2025-50,0.3202200572599404,0.5471404520791031,-0.3202200572599404,0.5471404520791031,2.0
2025-51,0.8756688369757074,0.6522392103866478,0.7606611908614959,0.21764344867212565,3.0
2026-01,0.20675068625106305,0.9345363554996214,-0.9114092590852123,0.43125034253975414,3.0
2026-02,0.3550082477985742,0.6066758640589944,0.7696897948949707,0.7005927408888499,7.0
2026-03,-0.20387192715978428,0.9256168393745148,-0.23923798309403493,0.743592942464255,20.0
2026-04,0.08303420506195583,0.8647779758002521,0.7288843870303221,0.6869891697789859,7.0
2026-05,-0.21207112005297657,0.6753481096087424,-0.38421619215949093,0.7720638570961056,6.0
2026-06,-0.7071067811865475,1.0,0.7071067811865475,1.0,1.0
